club_id,club_name,club_type,district,zone,country,state,city,latitude,longitude,charter_date,meeting_location,meeting_day,meeting_time,public_email,website,instagram,facebook,linkedin,youtube,description,last_updated
RC00001,LUMS Bengaluru,university,3192,4,India,Karnataka,Bengaluru,12.948962,77.612094,2009-07-01,,,,lums-bengaluru@example.org,,https://instagram.com/lumsbengaluru,https://facebook.com/lums-bengaluru,https://linkedin.com/company/lums-bengaluru,,"A university-based Rotaract club serving Bengaluru, India.",2026-08-01
RC00002,Bengaluru Oasis,community,3192,4,India,Karnataka,Bengaluru,13.006233,77.610857,2014-07-01,Bengaluru Community Hall,Wednesday,,,,https://instagram.com/bengaluruoasis,,,https://youtube.com/@bengaluruoasis,"A community-based Rotaract club serving Bengaluru, India.",2026-08-01
RC00003,St. Joseph's College Bengaluru,university,3192,4,India,Karnataka,Bengaluru,12.942955,77.61332,2007-07-01,,,10:00,st-joseph-s-college-beng@example.org,,,,https://linkedin.com/company/st-joseph-s-college-beng,,"A university-based Rotaract club serving Bengaluru, India.",2026-08-01
RC00004,Bengaluru Lakeview,community,3192,4,India,Karnataka,Bengaluru,12.992622,77.612047,2015-07-01,,Wednesday,,bengaluru-lakeview@example.org,,https://instagram.com/bengalurulakeview,,,,"A community-based Rotaract club serving Bengaluru, India.",2026-08-01
RC00005,Bengaluru Beacon,community,3192,4,India,Karnataka,Bengaluru,12.960818,77.559397,,,,10:00,,,https://instagram.com/bengalurubeacon,https://facebook.com/bengaluru-beacon,,,"A community-based Rotaract club serving Bengaluru, India.",2026-08-01
RC00006,NUST Bengaluru,university,3192,4,India,Karnataka,Bengaluru,12.953135,77.568512,2017-07-01,Bengaluru Community Hall,Sunday,,,https://example.org/nust-bengaluru,https://instagram.com/nustbengaluru,,,,,2026-08-01
RC00007,Bengaluru Horizon,community,3192,4,India,Karnataka,Bengaluru,12.977681,77.622218,2016-07-01,Bengaluru Community Hall,,,bengaluru-horizon@example.org,https://example.org/bengaluru-horizon,,https://facebook.com/bengaluru-horizon,https://linkedin.com/company/bengaluru-horizon,,,2026-08-01
RC00008,Bengaluru Downtown,community,3192,4,India,Karnataka,Bengaluru,12.940571,77.59084,2005-07-01,Bengaluru Community Hall,Sunday,10:00,,,,https://facebook.com/bengaluru-downtown,,,"A community-based Rotaract club serving Bengaluru, India.",2026-08-01
RC00009,University of Bengaluru,university,3192,4,India,Karnataka,Bengaluru,12.946184,77.556142,2011-07-01,Bengaluru Community Hall,Wednesday,,university-of-bengaluru@example.org,,,,,,,2026-08-01
RC00010,IIT Bengaluru,university,3192,4,India,Karnataka,Bengaluru,12.95712,77.628993,2009-07-01,Bengaluru Community Hall,Sunday,19:00,,,,,,,,2026-08-01
RC00011,Bengaluru Pearl,community,3192,4,India,Karnataka,Bengaluru,12.956147,77.576915,2018-07-01,,Wednesday,,bengaluru-pearl@example.org,https://example.org/bengaluru-pearl,,https://facebook.com/bengaluru-pearl,,,,2026-08-01
RC00012,Christ University Bengaluru,university,3192,4,India,Karnataka,Bengaluru,12.977276,77.594975,2016-07-01,Bengaluru Community Hall,,10:00,christ-university-bengal@example.org,,,,https://linkedin.com/company/christ-university-bengal,,"A university-based Rotaract club serving Bengaluru, India.",2026-08-01
RC00013,Bengaluru Crescent,community,3192,4,India,Karnataka,Bengaluru,12.989329,77.582629,2010-07-01,Bengaluru Community Hall,Saturday,10:00,bengaluru-crescent@example.org,,https://instagram.com/bengalurucrescent,,,https://youtube.com/@bengalurucrescent,,2026-08-01
RC00014,Christ University Bengaluru 14,university,3192,4,India,Karnataka,Bengaluru,12.99683,77.591496,2013-07-01,,,,christ-university-bengal@example.org,,,,,,"A university-based Rotaract club serving Bengaluru, India.",2026-08-01
RC00015,Bengaluru Harmony,community,3192,4,India,Karnataka,Bengaluru,12.93789,77.615457,2021-07-01,,,19:00,bengaluru-harmony@example.org,https://example.org/bengaluru-harmony,,https://facebook.com/bengaluru-harmony,,,"A community-based Rotaract club serving Bengaluru, India.",2026-08-01
RC00016,Bengaluru Central,community,3192,4,India,Karnataka,Bengaluru,12.974999,77.593426,,,Saturday,,bengaluru-central@example.org,,,,,,,2026-08-01
RC00017,Bengaluru Pearl 17,community,3192,4,India,Karnataka,Bengaluru,13.01133,77.568021,2024-07-01,,,19:00,,,https://instagram.com/bengalurupearl17,https://facebook.com/bengaluru-pearl-17,https://linkedin.com/company/bengaluru-pearl-17,,,2026-08-01
RC00018,St. Joseph's College Bengaluru 18,university,3192,4,India,Karnataka,Bengaluru,12.99887,77.591807,2021-07-01,Bengaluru Community Hall,,17:00,st-joseph-s-college-beng@example.org,https://example.org/st-joseph-s-college-beng,,https://facebook.com/st-joseph-s-college-beng,https://linkedin.com/company/st-joseph-s-college-beng,,,2026-08-01
RC00019,St. Joseph's College Bengaluru 19,university,3192,4,India,Karnataka,Bengaluru,12.998872,77.555886,,Bengaluru Community Hall,,,,,,,https://linkedin.com/company/st-joseph-s-college-beng,,"A university-based Rotaract club serving Bengaluru, India.",2026-08-01
RC00020,Bengaluru Gateway,community,3192,4,India,Karnataka,Bengaluru,12.979306,77.58978,2010-07-01,,Sunday,18:30,,,,,https://linkedin.com/company/bengaluru-gateway,,"A community-based Rotaract club serving Bengaluru, India.",2026-08-01
RC00021,Bengaluru Harmony 21,community,3192,4,India,Karnataka,Bengaluru,12.959163,77.587989,2016-07-01,Bengaluru Community Hall,Sunday,10:00,bengaluru-harmony-21@example.org,,,https://facebook.com/bengaluru-harmony-21,https://linkedin.com/company/bengaluru-harmony-21,,,2026-08-01
RC00022,Bengaluru Summit,community,3192,4,India,Karnataka,Bengaluru,12.980903,77.588787,2014-07-01,,Saturday,19:00,,,,https://facebook.com/bengaluru-summit,,,,2026-08-01
RC00023,Bengaluru Gateway 23,community,3192,4,India,Karnataka,Bengaluru,13.01052,77.57267,2005-07-01,Bengaluru Community Hall,,,,,https://instagram.com/bengalurugateway23,https://facebook.com/bengaluru-gateway-23,,https://youtube.com/@bengalurugateway23,,2026-08-01
RC00024,Bengaluru Metropolitan,community,3192,4,India,Karnataka,Bengaluru,12.948269,77.602584,,,Friday,18:30,bengaluru-metropolitan@example.org,,https://instagram.com/bengalurumetropolitan,https://facebook.com/bengaluru-metropolitan,,,,2026-08-01
RC00025,Bengaluru Harmony 25,community,3192,4,India,Karnataka,Bengaluru,12.957008,77.602945,2011-07-01,,Wednesday,18:30,,https://example.org/bengaluru-harmony-25,,https://facebook.com/bengaluru-harmony-25,,,,2026-08-01
RC00026,Bengaluru Central 26,community,3192,4,India,Karnataka,Bengaluru,12.992066,77.597186,2022-07-01,,Sunday,19:00,bengaluru-central-26@example.org,,https://instagram.com/bengalurucentral26,https://facebook.com/bengaluru-central-26,,,,2026-08-01
RC00027,NIT Bengaluru,university,3192,4,India,Karnataka,Bengaluru,12.944269,77.594588,,,,10:00,nit-bengaluru@example.org,https://example.org/nit-bengaluru,https://instagram.com/nitbengaluru,,,,,2026-08-01
RC00028,Bengaluru Downtown 28,community,3192,4,India,Karnataka,Bengaluru,12.962577,77.585048,2018-07-01,,Sunday,,,,https://instagram.com/bengalurudowntown28,https://facebook.com/bengaluru-downtown-28,,,,2026-08-01
RC00029,Symbiosis Bengaluru,university,3192,4,India,Karnataka,Bengaluru,12.987477,77.615078,2023-07-01,Bengaluru Community Hall,Saturday,,symbiosis-bengaluru@example.org,https://example.org/symbiosis-bengaluru,,,,,"A university-based Rotaract club serving Bengaluru, India.",2026-08-01
RC00030,Bengaluru Pearl 30,community,3192,4,India,Karnataka,Bengaluru,12.987586,77.563553,2015-07-01,Bengaluru Community Hall,Sunday,,bengaluru-pearl-30@example.org,https://example.org/bengaluru-pearl-30,,https://facebook.com/bengaluru-pearl-30,https://linkedin.com/company/bengaluru-pearl-30,,,2026-08-01
RC00031,Bengaluru Metropolitan 31,community,3192,4,India,Karnataka,Bengaluru,13.004381,77.585353,2009-07-01,Bengaluru Community Hall,Friday,,bengaluru-metropolitan-3@example.org,,https://instagram.com/bengalurumetropolitan3,,,https://youtube.com/@bengalurumetropolitan3,"A community-based Rotaract club serving Bengaluru, India.",2026-08-01
RC00032,Bengaluru Metropolitan 32,community,3192,4,India,Karnataka,Bengaluru,12.964107,77.623212,2013-07-01,Bengaluru Community Hall,Wednesday,,bengaluru-metropolitan-3@example.org,,https://instagram.com/bengalurumetropolitan3,https://facebook.com/bengaluru-metropolitan-3,https://linkedin.com/company/bengaluru-metropolitan-3,,"A community-based Rotaract club serving Bengaluru, India.",2026-08-01
RC00033,Bengaluru Frontier,community,3192,4,India,Karnataka,Bengaluru,12.974882,77.568016,2008-07-01,Bengaluru Community Hall,Friday,19:00,,,https://instagram.com/bengalurufrontier,,,,"A community-based Rotaract club serving Bengaluru, India.",2026-08-01
RC00034,Bengaluru Pearl 34,community,3192,4,India,Karnataka,Bengaluru,12.93203,77.612997,2017-07-01,,,,,,,https://facebook.com/bengaluru-pearl-34,,,"A community-based Rotaract club serving Bengaluru, India.",2026-08-01
RC00035,Bengaluru Central 35,community,3192,4,India,Karnataka,Bengaluru,12.934566,77.591361,2023-07-01,Bengaluru Community Hall,,18:30,bengaluru-central-35@example.org,,https://instagram.com/bengalurucentral35,,,https://youtube.com/@bengalurucentral35,,2026-08-01
RC00036,Amrita Vishwa Vidyapeetham Bengaluru,university,3192,4,India,Karnataka,Bengaluru,13.004908,77.601356,2009-07-01,,Sunday,,,,https://instagram.com/amritavishwavidyapeeth,,,,,2026-08-01
RC00037,University of Bengaluru 37,university,3192,4,India,Karnataka,Bengaluru,,,2015-07-01,,,10:00,university-of-bengaluru-@example.org,https://example.org/university-of-bengaluru-,,,,,"A university-based Rotaract club serving Bengaluru, India.",2026-08-01
RC00038,University of Dhaka Bengaluru,university,3192,4,India,Karnataka,Bengaluru,12.995156,77.622258,2012-07-01,Bengaluru Community Hall,,17:00,,,https://instagram.com/universityofdhakabeng,,,,,2026-08-01
RC00039,Presidency College Bengaluru,university,3192,4,India,Karnataka,Bengaluru,12.948184,77.621381,,Bengaluru Community Hall,Wednesday,10:00,,,,,,,"A university-based Rotaract club serving Bengaluru, India.",2026-08-01
RC00040,University of Dhaka Bengaluru 40,university,3192,4,India,Karnataka,Bengaluru,12.94994,77.615238,,,Saturday,10:00,university-of-dhaka-beng@example.org,https://example.org/university-of-dhaka-beng,https://instagram.com/universityofdhakabeng,,,,"A university-based Rotaract club serving Bengaluru, India.",2026-08-01
RC00041,LUMS Bengaluru 41,university,3192,4,India,Karnataka,Bengaluru,12.961693,77.614887,,Bengaluru Community Hall,Saturday,,lums-bengaluru-41@example.org,,https://instagram.com/lumsbengaluru41,,,,,2026-08-01
RC00042,Loyola College Bengaluru,university,3192,4,India,Karnataka,Bengaluru,12.96787,77.60811,2007-07-01,Bengaluru Community Hall,,18:30,,https://example.org/loyola-college-bengaluru,https://instagram.com/loyolacollegebengaluru,,,,"A university-based Rotaract club serving Bengaluru, India.",2026-08-01
RC00043,NUST Bengaluru 43,university,3192,4,India,Karnataka,Bengaluru,12.979095,77.605124,2005-07-01,Bengaluru Community Hall,Friday,,nust-bengaluru-43@example.org,,https://instagram.com/nustbengaluru43,,https://linkedin.com/company/nust-bengaluru-43,,"A university-based Rotaract club serving Bengaluru, India.",2026-08-01
RC00044,Bengaluru Horizon 44,community,3192,4,India,Karnataka,Bengaluru,12.948119,77.565983,2018-07-01,Bengaluru Community Hall,Sunday,,bengaluru-horizon-44@example.org,,,,,,"A community-based Rotaract club serving Bengaluru, India.",2026-08-01
RC00045,LUMS Bengaluru 45,university,3192,4,India,Karnataka,Bengaluru,12.932044,77.556779,2016-07-01,Bengaluru Community Hall,,18:30,lums-bengaluru-45@example.org,,https://instagram.com/lumsbengaluru45,,,https://youtube.com/@lumsbengaluru45,,2026-08-01
RC00046,University of Colombo Mumbai,university,3141,3,India,Maharashtra,Mumbai,19.075461,72.874261,,Mumbai Community Hall,,,,,https://instagram.com/universityofcolombomu,,,,,2026-08-01
RC00047,University of Colombo Mumbai 2,university,3141,3,India,Maharashtra,Mumbai,19.110627,72.871991,2024-07-01,Mumbai Community Hall,,,university-of-colombo-mu@example.org,,,https://facebook.com/university-of-colombo-mu,,,,2026-08-01
RC00048,Mumbai Summit,community,3141,3,India,Maharashtra,Mumbai,19.076487,72.894883,2017-07-01,Mumbai Community Hall,,19:00,mumbai-summit@example.org,,https://instagram.com/mumbaisummit,,,,"A community-based Rotaract club serving Mumbai, India.",2026-08-01
RC00049,University of Colombo Mumbai 4,university,3141,3,India,Maharashtra,Mumbai,19.074148,72.838165,2015-07-01,Mumbai Community Hall,Wednesday,17:00,,https://example.org/university-of-colombo-mu,,,,,"A university-based Rotaract club serving Mumbai, India.",2026-08-01
RC00050,LUMS Mumbai,university,3141,3,India,Maharashtra,Mumbai,19.045546,72.880443,2010-07-01,,,,,,https://instagram.com/lumsmumbai,https://facebook.com/lums-mumbai,,,,2026-08-01
RC00051,Mumbai Phoenix,community,3141,3,India,Maharashtra,Mumbai,19.039922,72.851306,2023-07-01,Mumbai Community Hall,Friday,19:00,,https://example.org/mumbai-phoenix,https://instagram.com/mumbaiphoenix,https://facebook.com/mumbai-phoenix,,,"A community-based Rotaract club serving Mumbai, India.",2026-08-01
RC00052,University of Dhaka Mumbai,university,3141,3,India,Maharashtra,Mumbai,19.094039,72.880624,2018-07-01,Mumbai Community Hall,,10:00,,https://example.org/university-of-dhaka-mumb,https://instagram.com/universityofdhakamumb,,,,"A university-based Rotaract club serving Mumbai, India.",2026-08-01
RC00053,Mumbai Riverside,community,3141,3,India,Maharashtra,Mumbai,19.067917,72.878682,2013-07-01,,Saturday,17:00,mumbai-riverside@example.org,,https://instagram.com/mumbairiverside,,https://linkedin.com/company/mumbai-riverside,,"A community-based Rotaract club serving Mumbai, India.",2026-08-01
RC00054,Symbiosis Mumbai,university,3141,3,India,Maharashtra,Mumbai,19.069409,72.903559,2017-07-01,,Friday,,symbiosis-mumbai@example.org,,,,,,,2026-08-01
RC00055,Mumbai Pearl,community,3141,3,India,Maharashtra,Mumbai,19.086923,72.842513,2010-07-01,Mumbai Community Hall,,,mumbai-pearl@example.org,,,https://facebook.com/mumbai-pearl,,,"A community-based Rotaract club serving Mumbai, India.",2026-08-01
RC00056,Christ University Mumbai,university,3141,3,India,Maharashtra,Mumbai,19.073409,72.865704,2021-07-01,,Friday,10:00,,,,https://facebook.com/christ-university-mumbai,,,,2026-08-01
RC00057,Mumbai Horizon,community,3141,3,India,Maharashtra,Mumbai,19.07205,72.840515,2013-07-01,Mumbai Community Hall,Saturday,,,https://example.org/mumbai-horizon,,https://facebook.com/mumbai-horizon,,,"A community-based Rotaract club serving Mumbai, India.",2026-08-01
RC00058,Symbiosis Mumbai 13,university,3141,3,India,Maharashtra,Mumbai,19.067396,72.842221,2017-07-01,Mumbai Community Hall,,,,,https://instagram.com/symbiosismumbai13,https://facebook.com/symbiosis-mumbai-13,,,,2026-08-01
RC00059,Mumbai Unity,community,3141,3,India,Maharashtra,Mumbai,19.105914,72.849549,2015-07-01,,,,mumbai-unity@example.org,,https://instagram.com/mumbaiunity,,,,"A community-based Rotaract club serving Mumbai, India.",2026-08-01
RC00060,University of Dhaka Mumbai 15,university,3141,3,India,Maharashtra,Mumbai,19.059916,72.899975,,Mumbai Community Hall,,10:00,university-of-dhaka-mumb@example.org,,,,,,,2026-08-01
RC00061,Tribhuvan University Mumbai,university,3141,3,India,Maharashtra,Mumbai,19.066721,72.896645,2021-07-01,Mumbai Community Hall,Saturday,,tribhuvan-university-mum@example.org,,https://instagram.com/tribhuvanuniversitymum,,,https://youtube.com/@tribhuvanuniversitymum,"A university-based Rotaract club serving Mumbai, India.",2026-08-01
RC00062,Manipal Academy Mumbai,university,3141,3,India,Maharashtra,Mumbai,,,2023-07-01,Mumbai Community Hall,Wednesday,17:00,manipal-academy-mumbai@example.org,https://example.org/manipal-academy-mumbai,,,,https://youtube.com/@manipalacademymumbai,,2026-08-01
RC00063,IIT Mumbai,university,3141,3,India,Maharashtra,Mumbai,19.075545,72.853437,2008-07-01,Mumbai Community Hall,Saturday,10:00,iit-mumbai@example.org,,,https://facebook.com/iit-mumbai,,,,2026-08-01
RC00064,Mumbai Horizon 19,community,3141,3,India,Maharashtra,Mumbai,19.112477,72.898231,2017-07-01,Mumbai Community Hall,Saturday,19:00,,https://example.org/mumbai-horizon-19,https://instagram.com/mumbaihorizon19,,,,,2026-08-01
RC00065,Symbiosis Mumbai 20,university,3141,3,India,Maharashtra,Mumbai,,,2023-07-01,Mumbai Community Hall,,,,,,,,,"A university-based Rotaract club serving Mumbai, India.",2026-08-01
RC00066,Mumbai Gateway,community,3141,3,India,Maharashtra,Mumbai,19.069728,72.892384,2017-07-01,,,,mumbai-gateway@example.org,https://example.org/mumbai-gateway,https://instagram.com/mumbaigateway,,,,"A community-based Rotaract club serving Mumbai, India.",2026-08-01
RC00067,Mumbai Oasis,community,3141,3,India,Maharashtra,Mumbai,19.085114,72.860056,,Mumbai Community Hall,,,mumbai-oasis@example.org,,,https://facebook.com/mumbai-oasis,,,,2026-08-01
RC00068,IIT Mumbai 23,university,3141,3,India,Maharashtra,Mumbai,19.076882,72.888129,,Mumbai Community Hall,Saturday,,iit-mumbai-23@example.org,,https://instagram.com/iitmumbai23,,https://linkedin.com/company/iit-mumbai-23,https://youtube.com/@iitmumbai23,,2026-08-01
RC00069,Symbiosis Mumbai 24,university,3141,3,India,Maharashtra,Mumbai,19.087526,72.852869,2009-07-01,Mumbai Community Hall,,,symbiosis-mumbai-24@example.org,,,,,https://youtube.com/@symbiosismumbai24,,2026-08-01
RC00070,Symbiosis Mumbai 25,university,3141,3,India,Maharashtra,Mumbai,19.07451,72.86637,2024-07-01,,Saturday,18:30,symbiosis-mumbai-25@example.org,,https://instagram.com/symbiosismumbai25,,,,,2026-08-01
RC00071,Mumbai Sunrise,community,3141,3,India,Maharashtra,Mumbai,19.042148,72.845971,2007-07-01,,Wednesday,,mumbai-sunrise@example.org,,,https://facebook.com/mumbai-sunrise,,,,2026-08-01
RC00072,Mumbai Central,community,3141,3,India,Maharashtra,Mumbai,19.079559,72.896547,,,Saturday,,mumbai-central@example.org,,,,,,,2026-08-01
RC00073,Mumbai Beacon,community,3141,3,India,Maharashtra,Mumbai,19.085552,72.864992,2019-07-01,Mumbai Community Hall,,,,,https://instagram.com/mumbaibeacon,,,,"A community-based Rotaract club serving Mumbai, India.",2026-08-01
RC00074,Christ University Mumbai 29,university,3141,3,India,Maharashtra,Mumbai,19.059982,72.883902,2022-07-01,Mumbai Community Hall,Sunday,17:00,christ-university-mumbai@example.org,,,,,,"A university-based Rotaract club serving Mumbai, India.",2026-08-01
RC00075,Loyola College Mumbai,university,3141,3,India,Maharashtra,Mumbai,19.111608,72.89208,2011-07-01,Mumbai Community Hall,Sunday,17:00,,,https://instagram.com/loyolacollegemumbai,https://facebook.com/loyola-college-mumbai,,,"A university-based Rotaract club serving Mumbai, India.",2026-08-01
RC00076,IIT Mumbai 31,university,3141,3,India,Maharashtra,Mumbai,19.107797,72.907286,,Mumbai Community Hall,Wednesday,,iit-mumbai-31@example.org,,https://instagram.com/iitmumbai31,,,,"A university-based Rotaract club serving Mumbai, India.",2026-08-01
RC00077,Mumbai Capitol,community,3141,3,India,Maharashtra,Mumbai,19.084695,72.840587,2023-07-01,,,,mumbai-capitol@example.org,https://example.org/mumbai-capitol,,,https://linkedin.com/company/mumbai-capitol,,,2026-08-01
RC00078,Mumbai Riverside 33,community,3141,3,India,Maharashtra,Mumbai,19.076817,72.9098,2016-07-01,,Sunday,18:30,mumbai-riverside-33@example.org,https://example.org/mumbai-riverside-33,,https://facebook.com/mumbai-riverside-33,,,,2026-08-01
RC00079,University of Mumbai,university,3141,3,India,Maharashtra,Mumbai,19.099489,72.911372,2011-07-01,,,17:00,,https://example.org/university-of-mumbai,,https://facebook.com/university-of-mumbai,,,"A university-based Rotaract club serving Mumbai, India.",2026-08-01
RC00080,NUST Mumbai,university,3141,3,India,Maharashtra,Mumbai,19.086093,72.88933,2012-07-01,Mumbai Community Hall,,18:30,,https://example.org/nust-mumbai,,https://facebook.com/nust-mumbai,,,"A university-based Rotaract club serving Mumbai, India.",2026-08-01
RC00081,St. Joseph's College Mumbai,university,3141,3,India,Maharashtra,Mumbai,19.052167,72.915172,,Mumbai Community Hall,,19:00,st-joseph-s-college-mumb@example.org,https://example.org/st-joseph-s-college-mumb,,,,https://youtube.com/@stjosephscollegemumb,"A university-based Rotaract club serving Mumbai, India.",2026-08-01
RC00082,Mumbai Central 37,community,3141,3,India,Maharashtra,Mumbai,19.058729,72.867241,,,,,mumbai-central-37@example.org,,https://instagram.com/mumbaicentral37,,,,"A community-based Rotaract club serving Mumbai, India.",2026-08-01
RC00083,University of Colombo Mumbai 38,university,3141,3,India,Maharashtra,Mumbai,19.096137,72.879504,2020-07-01,,,,university-of-colombo-mu@example.org,,https://instagram.com/universityofcolombomu,,,,"A university-based Rotaract club serving Mumbai, India.",2026-08-01
RC00084,Mumbai Beacon 39,community,3141,3,India,Maharashtra,Mumbai,19.078527,72.886547,,Mumbai Community Hall,Sunday,19:00,,,https://instagram.com/mumbaibeacon39,https://facebook.com/mumbai-beacon-39,,,"A community-based Rotaract club serving Mumbai, India.",2026-08-01
RC00085,Mumbai Gateway 40,community,3141,3,India,Maharashtra,Mumbai,19.042017,72.885651,,,,19:00,mumbai-gateway-40@example.org,https://example.org/mumbai-gateway-40,https://instagram.com/mumbaigateway40,https://facebook.com/mumbai-gateway-40,https://linkedin.com/company/mumbai-gateway-40,,"A community-based Rotaract club serving Mumbai, India.",2026-08-01
RC00086,Delhi,community,3011,2,India,Delhi,Delhi,28.585768,77.229898,2008-07-01,Delhi Community Hall,Friday,,delhi@example.org,,,,,,"A community-based Rotaract club serving Delhi, India.",2026-08-01
RC00087,Delhi Phoenix,community,3011,2,India,Delhi,Delhi,28.598723,77.198805,,Delhi Community Hall,,,delhi-phoenix@example.org,https://example.org/delhi-phoenix,https://instagram.com/delhiphoenix,,,,,2026-08-01
RC00088,Presidency College Delhi,university,3011,2,India,Delhi,Delhi,28.594129,77.179767,,Delhi Community Hall,Friday,17:00,,,,,https://linkedin.com/company/presidency-college-delhi,,,2026-08-01
RC00089,Delhi Crescent,community,3011,2,India,Delhi,Delhi,28.60312,77.210916,2016-07-01,Delhi Community Hall,Sunday,,delhi-crescent@example.org,,,,,,,2026-08-01
RC00090,Delhi Harmony,community,3011,2,India,Delhi,Delhi,28.613712,77.221786,,Delhi Community Hall,Saturday,,,,,,,,"A community-based Rotaract club serving Delhi, India.",2026-08-01
RC00091,Delhi Summit,community,3011,2,India,Delhi,Delhi,28.579693,77.169656,,Delhi Community Hall,Saturday,10:00,,,https://instagram.com/delhisummit,https://facebook.com/delhi-summit,,,"A community-based Rotaract club serving Delhi, India.",2026-08-01
RC00092,Delhi Metropolitan,community,3011,2,India,Delhi,Delhi,28.616119,77.223316,2015-07-01,,Wednesday,10:00,delhi-metropolitan@example.org,,,,,,"A community-based Rotaract club serving Delhi, India.",2026-08-01
RC00093,Manipal Academy Delhi,university,3011,2,India,Delhi,Delhi,28.592069,77.240501,2014-07-01,,,19:00,,,https://instagram.com/manipalacademydelhi,,,https://youtube.com/@manipalacademydelhi,"A university-based Rotaract club serving Delhi, India.",2026-08-01
RC00094,Delhi Beacon,community,3011,2,India,Delhi,Delhi,28.597738,77.192304,2009-07-01,,,,delhi-beacon@example.org,,https://instagram.com/delhibeacon,https://facebook.com/delhi-beacon,,https://youtube.com/@delhibeacon,,2026-08-01
RC00095,LUMS Delhi,university,3011,2,India,Delhi,Delhi,28.610003,77.235657,2022-07-01,Delhi Community Hall,Friday,17:00,lums-delhi@example.org,https://example.org/lums-delhi,,,,,,2026-08-01
RC00096,Delhi Harmony 11,community,3011,2,India,Delhi,Delhi,28.575408,77.174604,2015-07-01,Delhi Community Hall,Wednesday,19:00,delhi-harmony-11@example.org,https://example.org/delhi-harmony-11,,https://facebook.com/delhi-harmony-11,,,"A community-based Rotaract club serving Delhi, India.",2026-08-01
RC00097,Jawaharlal Nehru University Delhi,university,3011,2,India,Delhi,Delhi,28.580186,77.237038,2023-07-01,,,,jawaharlal-nehru-univers@example.org,,,,,,"A university-based Rotaract club serving Delhi, India.",2026-08-01
RC00098,Symbiosis Delhi,university,3011,2,India,Delhi,Delhi,28.649181,77.172145,,Delhi Community Hall,Friday,19:00,,,,,,,"A university-based Rotaract club serving Delhi, India.",2026-08-01
RC00099,Delhi Lakeview,community,3011,2,India,Delhi,Delhi,,,2015-07-01,Delhi Community Hall,Sunday,19:00,,,,,,https://youtube.com/@delhilakeview,"A community-based Rotaract club serving Delhi, India.",2026-08-01
RC00100,University of Delhi,university,3011,2,India,Delhi,Delhi,28.622254,77.204471,2022-07-01,Delhi Community Hall,Friday,19:00,university-of-delhi@example.org,https://example.org/university-of-delhi,,,,https://youtube.com/@universityofdelhi,,2026-08-01
RC00101,Delhi Harmony 16,community,3011,2,India,Delhi,Delhi,28.629166,77.216341,,Delhi Community Hall,Sunday,10:00,,,https://instagram.com/delhiharmony16,,,,,2026-08-01
RC00102,Delhi Phoenix 17,community,3011,2,India,Delhi,Delhi,28.621581,77.246041,2008-07-01,,,,delhi-phoenix-17@example.org,,,https://facebook.com/delhi-phoenix-17,,,"A community-based Rotaract club serving Delhi, India.",2026-08-01
RC00103,Delhi Riverside,community,3011,2,India,Delhi,Delhi,28.588084,77.184509,2005-07-01,,,10:00,delhi-riverside@example.org,,https://instagram.com/delhiriverside,https://facebook.com/delhi-riverside,,,"A community-based Rotaract club serving Delhi, India.",2026-08-01
RC00104,Delhi Capitol,community,3011,2,India,Delhi,Delhi,28.601102,77.206767,2007-07-01,Delhi Community Hall,Friday,10:00,,,https://instagram.com/delhicapitol,,https://linkedin.com/company/delhi-capitol,,,2026-08-01
RC00105,Delhi Phoenix 20,community,3011,2,India,Delhi,Delhi,,,2013-07-01,,,19:00,,,,,,,,2026-08-01
RC00106,Delhi Gateway,community,3011,2,India,Delhi,Delhi,28.607086,77.20407,,,,,,,https://instagram.com/delhigateway,https://facebook.com/delhi-gateway,https://linkedin.com/company/delhi-gateway,,,2026-08-01
RC00107,Presidency College Delhi 22,university,3011,2,India,Delhi,Delhi,28.616179,77.243006,2012-07-01,Delhi Community Hall,Saturday,,presidency-college-delhi@example.org,,,,,,"A university-based Rotaract club serving Delhi, India.",2026-08-01
RC00108,NUST Delhi,university,3011,2,India,Delhi,Delhi,28.592347,77.221594,2006-07-01,Delhi Community Hall,Saturday,18:30,,https://example.org/nust-delhi,,,https://linkedin.com/company/nust-delhi,,,2026-08-01
RC00109,Delhi Pearl,community,3011,2,India,Delhi,Delhi,28.624994,77.217766,2023-07-01,,Friday,19:00,delhi-pearl@example.org,https://example.org/delhi-pearl,,,https://linkedin.com/company/delhi-pearl,,"A community-based Rotaract club serving Delhi, India.",2026-08-01
RC00110,Delhi Garden City,community,3011,2,India,Delhi,Delhi,28.600821,77.169443,2015-07-01,Delhi Community Hall,Sunday,19:00,,,,https://facebook.com/delhi-garden-city,,,"A community-based Rotaract club serving Delhi, India.",2026-08-01
RC00111,Delhi Riverside 26,community,3011,2,India,Delhi,Delhi,28.635728,77.212774,2008-07-01,Delhi Community Hall,Saturday,,delhi-riverside-26@example.org,,https://instagram.com/delhiriverside26,https://facebook.com/delhi-riverside-26,https://linkedin.com/company/delhi-riverside-26,https://youtube.com/@delhiriverside26,,2026-08-01
RC00112,LUMS Delhi 27,university,3011,2,India,Delhi,Delhi,,,2012-07-01,,,19:00,lums-delhi-27@example.org,,https://instagram.com/lumsdelhi27,,,,"A university-based Rotaract club serving Delhi, India.",2026-08-01
RC00113,Delhi Metropolitan 28,community,3011,2,India,Delhi,Delhi,28.577593,77.226671,,Delhi Community Hall,Sunday,,,,https://instagram.com/delhimetropolitan28,,https://linkedin.com/company/delhi-metropolitan-28,,,2026-08-01
RC00114,Delhi Pearl 29,community,3011,2,India,Delhi,Delhi,28.617947,77.204373,,,Wednesday,18:30,delhi-pearl-29@example.org,,https://instagram.com/delhipearl29,,,,"A community-based Rotaract club serving Delhi, India.",2026-08-01
RC00115,Delhi Pearl 30,community,3011,2,India,Delhi,Delhi,28.586208,77.231306,2020-07-01,Delhi Community Hall,,,delhi-pearl-30@example.org,,https://instagram.com/delhipearl30,,,https://youtube.com/@delhipearl30,,2026-08-01
RC00116,Delhi Summit 31,community,3011,2,India,Delhi,Delhi,28.600081,77.244937,,,Saturday,,delhi-summit-31@example.org,,https://instagram.com/delhisummit31,,,,"A community-based Rotaract club serving Delhi, India.",2026-08-01
RC00117,Delhi Metropolitan 32,community,3011,2,India,Delhi,Delhi,28.588332,77.194044,2022-07-01,Delhi Community Hall,Saturday,,delhi-metropolitan-32@example.org,,https://instagram.com/delhimetropolitan32,,,,"A community-based Rotaract club serving Delhi, India.",2026-08-01
RC00118,Delhi Lakeview 33,community,3011,2,India,Delhi,Delhi,,,2023-07-01,Delhi Community Hall,,,delhi-lakeview-33@example.org,https://example.org/delhi-lakeview-33,,,,,,2026-08-01
RC00119,BITS Delhi,university,3011,2,India,Delhi,Delhi,28.612492,77.184634,2019-07-01,,Wednesday,19:00,bits-delhi@example.org,,,,,,"A university-based Rotaract club serving Delhi, India.",2026-08-01
RC00120,Delhi Oasis,community,3011,2,India,Delhi,Delhi,28.615668,77.210246,2015-07-01,,,10:00,delhi-oasis@example.org,,,https://facebook.com/delhi-oasis,,,"A community-based Rotaract club serving Delhi, India.",2026-08-01
RC00121,Manipal Academy Chennai,university,3232,5,India,Tamil Nadu,Chennai,13.069688,80.2993,,Chennai Community Hall,,18:30,,https://example.org/manipal-academy-chennai,https://instagram.com/manipalacademychennai,,,https://youtube.com/@manipalacademychennai,,2026-08-01
RC00122,Chennai Central,community,3232,5,India,Tamil Nadu,Chennai,13.08295,80.247988,2010-07-01,,,18:30,chennai-central@example.org,https://example.org/chennai-central,,https://facebook.com/chennai-central,,,,2026-08-01
RC00123,Chennai Beacon,community,3232,5,India,Tamil Nadu,Chennai,13.075714,80.279629,2024-07-01,Chennai Community Hall,Wednesday,,chennai-beacon@example.org,,,https://facebook.com/chennai-beacon,,,,2026-08-01
RC00124,Chennai Beacon 4,community,3232,5,India,Tamil Nadu,Chennai,13.119818,80.304306,2018-07-01,,Saturday,19:00,chennai-beacon-4@example.org,,https://instagram.com/chennaibeacon4,,,,"A community-based Rotaract club serving Chennai, India.",2026-08-01
RC00125,NUST Chennai,university,3232,5,India,Tamil Nadu,Chennai,13.107901,80.30292,2006-07-01,,,10:00,nust-chennai@example.org,https://example.org/nust-chennai,,https://facebook.com/nust-chennai,,,,2026-08-01
RC00126,Presidency College Chennai,university,3232,5,India,Tamil Nadu,Chennai,13.095914,80.243257,2013-07-01,Chennai Community Hall,Friday,17:00,presidency-college-chenn@example.org,,https://instagram.com/presidencycollegechenn,https://facebook.com/presidency-college-chenn,,,"A university-based Rotaract club serving Chennai, India.",2026-08-01
RC00127,NIT Chennai,university,3232,5,India,Tamil Nadu,Chennai,13.081009,80.290809,,,Friday,10:00,nit-chennai@example.org,https://example.org/nit-chennai,,https://facebook.com/nit-chennai,,,"A university-based Rotaract club serving Chennai, India.",2026-08-01
RC00128,Chennai Capitol,community,3232,5,India,Tamil Nadu,Chennai,13.104719,80.247548,2014-07-01,Chennai Community Hall,,18:30,,https://example.org/chennai-capitol,,https://facebook.com/chennai-capitol,,,,2026-08-01
RC00129,Christ University Chennai,university,3232,5,India,Tamil Nadu,Chennai,13.089542,80.287229,2005-07-01,Chennai Community Hall,,10:00,christ-university-chenna@example.org,,,,,,"A university-based Rotaract club serving Chennai, India.",2026-08-01
RC00130,Symbiosis Chennai,university,3232,5,India,Tamil Nadu,Chennai,13.076234,80.241644,,Chennai Community Hall,Saturday,,symbiosis-chennai@example.org,,,,,,"A university-based Rotaract club serving Chennai, India.",2026-08-01
RC00131,Chennai Downtown,community,3232,5,India,Tamil Nadu,Chennai,13.100644,80.282301,2006-07-01,Chennai Community Hall,Saturday,17:00,chennai-downtown@example.org,https://example.org/chennai-downtown,https://instagram.com/chennaidowntown,,,,"A community-based Rotaract club serving Chennai, India.",2026-08-01
RC00132,Loyola College Chennai,university,3232,5,India,Tamil Nadu,Chennai,13.068439,80.287856,2016-07-01,Chennai Community Hall,,,loyola-college-chennai@example.org,https://example.org/loyola-college-chennai,,,,https://youtube.com/@loyolacollegechennai,,2026-08-01
RC00133,Chennai Riverside,community,3232,5,India,Tamil Nadu,Chennai,13.047885,80.262603,2024-07-01,Chennai Community Hall,Saturday,10:00,chennai-riverside@example.org,https://example.org/chennai-riverside,,https://facebook.com/chennai-riverside,https://linkedin.com/company/chennai-riverside,,"A community-based Rotaract club serving Chennai, India.",2026-08-01
RC00134,University of Dhaka Chennai,university,3232,5,India,Tamil Nadu,Chennai,13.084072,80.240307,,Chennai Community Hall,,,university-of-dhaka-chen@example.org,,https://instagram.com/universityofdhakachen,,,,,2026-08-01
RC00135,Amrita Vishwa Vidyapeetham Chennai,university,3232,5,India,Tamil Nadu,Chennai,13.102571,80.249258,2021-07-01,Chennai Community Hall,Sunday,17:00,amrita-vishwa-vidyapeeth@example.org,https://example.org/amrita-vishwa-vidyapeeth,,https://facebook.com/amrita-vishwa-vidyapeeth,https://linkedin.com/company/amrita-vishwa-vidyapeeth,,"A university-based Rotaract club serving Chennai, India.",2026-08-01
RC00136,Chennai Horizon,community,3232,5,India,Tamil Nadu,Chennai,13.110686,80.308206,2005-07-01,Chennai Community Hall,,,chennai-horizon@example.org,,https://instagram.com/chennaihorizon,,,,"A community-based Rotaract club serving Chennai, India.",2026-08-01
RC00137,Chennai Riverside 17,community,3232,5,India,Tamil Nadu,Chennai,13.044787,80.2786,2015-07-01,,,,chennai-riverside-17@example.org,,https://instagram.com/chennairiverside17,,https://linkedin.com/company/chennai-riverside-17,,"A community-based Rotaract club serving Chennai, India.",2026-08-01
RC00138,Amrita Vishwa Vidyapeetham Chennai 18,university,3232,5,India,Tamil Nadu,Chennai,13.099379,80.269151,,,Friday,17:00,,,https://instagram.com/amritavishwavidyapeeth,https://facebook.com/amrita-vishwa-vidyapeeth,,,,2026-08-01
RC00139,Presidency College Chennai 19,university,3232,5,India,Tamil Nadu,Chennai,13.092868,80.247103,2017-07-01,Chennai Community Hall,,18:30,presidency-college-chenn@example.org,https://example.org/presidency-college-chenn,,https://facebook.com/presidency-college-chenn,,,"A university-based Rotaract club serving Chennai, India.",2026-08-01
RC00140,Chennai Oasis,community,3232,5,India,Tamil Nadu,Chennai,13.09472,80.291755,2017-07-01,Chennai Community Hall,Sunday,18:30,chennai-oasis@example.org,,https://instagram.com/chennaioasis,https://facebook.com/chennai-oasis,https://linkedin.com/company/chennai-oasis,,,2026-08-01
RC00141,NUST Chennai 21,university,3232,5,India,Tamil Nadu,Chennai,13.048169,80.294255,2017-07-01,Chennai Community Hall,,18:30,nust-chennai-21@example.org,https://example.org/nust-chennai-21,,,,,,2026-08-01
RC00142,Chennai Summit,community,3232,5,India,Tamil Nadu,Chennai,13.122209,80.25325,,,Sunday,,chennai-summit@example.org,https://example.org/chennai-summit,https://instagram.com/chennaisummit,,https://linkedin.com/company/chennai-summit,,"A community-based Rotaract club serving Chennai, India.",2026-08-01
RC00143,University of Chennai,university,3232,5,India,Tamil Nadu,Chennai,13.094042,80.249185,2005-07-01,Chennai Community Hall,Friday,,university-of-chennai@example.org,,,https://facebook.com/university-of-chennai,,,"A university-based Rotaract club serving Chennai, India.",2026-08-01
RC00144,Symbiosis Chennai 24,university,3232,5,India,Tamil Nadu,Chennai,13.047678,80.268046,,,,10:00,symbiosis-chennai-24@example.org,,,https://facebook.com/symbiosis-chennai-24,,,,2026-08-01
RC00145,Chennai Capitol 25,community,3232,5,India,Tamil Nadu,Chennai,13.109889,80.277449,2023-07-01,,,10:00,,https://example.org/chennai-capitol-25,https://instagram.com/chennaicapitol25,,,,"A community-based Rotaract club serving Chennai, India.",2026-08-01
RC00146,Chennai Lakeview,community,3232,5,India,Tamil Nadu,Chennai,13.060004,80.274185,,,,,chennai-lakeview@example.org,https://example.org/chennai-lakeview,,https://facebook.com/chennai-lakeview,,,"A community-based Rotaract club serving Chennai, India.",2026-08-01
RC00147,Chennai Garden City,community,3232,5,India,Tamil Nadu,Chennai,13.054755,80.29449,2023-07-01,,,19:00,chennai-garden-city@example.org,https://example.org/chennai-garden-city,https://instagram.com/chennaigardencity,,,,,2026-08-01
RC00148,Presidency College Chennai 28,university,3232,5,India,Tamil Nadu,Chennai,13.062757,80.310028,2005-07-01,Chennai Community Hall,,18:30,presidency-college-chenn@example.org,,,,,,"A university-based Rotaract club serving Chennai, India.",2026-08-01
RC00149,Manipal Academy Chennai 29,university,3232,5,India,Tamil Nadu,Chennai,13.122407,80.284342,2020-07-01,Chennai Community Hall,,,manipal-academy-chennai-@example.org,https://example.org/manipal-academy-chennai-,,,,,"A university-based Rotaract club serving Chennai, India.",2026-08-01
RC00150,BITS Chennai,university,3232,5,India,Tamil Nadu,Chennai,13.112804,80.290639,,Chennai Community Hall,,18:30,bits-chennai@example.org,,https://instagram.com/bitschennai,,,https://youtube.com/@bitschennai,"A university-based Rotaract club serving Chennai, India.",2026-08-01
RC00151,Hyderabad,community,3150,4,India,Telangana,Hyderabad,17.391912,78.476663,,,,,,,https://instagram.com/hyderabad,,,,,2026-08-01
RC00152,Hyderabad Pearl,community,3150,4,India,Telangana,Hyderabad,17.415446,78.482002,,Hyderabad Community Hall,Saturday,18:30,,,https://instagram.com/hyderabadpearl,,,,"A community-based Rotaract club serving Hyderabad, India.",2026-08-01
RC00153,Hyderabad Phoenix,community,3150,4,India,Telangana,Hyderabad,17.352295,78.523601,,Hyderabad Community Hall,,19:00,hyderabad-phoenix@example.org,,https://instagram.com/hyderabadphoenix,,https://linkedin.com/company/hyderabad-phoenix,,,2026-08-01
RC00154,University of Colombo Hyderabad,university,3150,4,India,Telangana,Hyderabad,17.369969,78.46157,2006-07-01,Hyderabad Community Hall,,19:00,university-of-colombo-hy@example.org,,,,,,,2026-08-01
RC00155,Loyola College Hyderabad,university,3150,4,India,Telangana,Hyderabad,17.376315,78.465145,,,Friday,19:00,,https://example.org/loyola-college-hyderabad,,,https://linkedin.com/company/loyola-college-hyderabad,,"A university-based Rotaract club serving Hyderabad, India.",2026-08-01
RC00156,Symbiosis Hyderabad,university,3150,4,India,Telangana,Hyderabad,17.346899,78.50281,2021-07-01,Hyderabad Community Hall,,,,https://example.org/symbiosis-hyderabad,https://instagram.com/symbiosishyderabad,,https://linkedin.com/company/symbiosis-hyderabad,,"A university-based Rotaract club serving Hyderabad, India.",2026-08-01
RC00157,Hyderabad Metropolitan,community,3150,4,India,Telangana,Hyderabad,17.345938,78.501078,,Hyderabad Community Hall,Friday,18:30,hyderabad-metropolitan@example.org,https://example.org/hyderabad-metropolitan,https://instagram.com/hyderabadmetropolitan,,,,"A community-based Rotaract club serving Hyderabad, India.",2026-08-01
RC00158,Hyderabad Horizon,community,3150,4,India,Telangana,Hyderabad,17.400789,78.474225,2023-07-01,Hyderabad Community Hall,,10:00,,,,https://facebook.com/hyderabad-horizon,,,"A community-based Rotaract club serving Hyderabad, India.",2026-08-01
RC00159,Hyderabad Summit,community,3150,4,India,Telangana,Hyderabad,17.381645,78.497306,2005-07-01,,Friday,,,,,https://facebook.com/hyderabad-summit,,https://youtube.com/@hyderabadsummit,,2026-08-01
RC00160,LUMS Hyderabad,university,3150,4,India,Telangana,Hyderabad,17.370528,78.525538,2020-07-01,,Sunday,18:30,,,https://instagram.com/lumshyderabad,https://facebook.com/lums-hyderabad,,,"A university-based Rotaract club serving Hyderabad, India.",2026-08-01
RC00161,Hyderabad Garden City,community,3150,4,India,Telangana,Hyderabad,17.393032,78.473784,2005-07-01,,Friday,,hyderabad-garden-city@example.org,,https://instagram.com/hyderabadgardencity,,,,,2026-08-01
RC00162,Presidency College Hyderabad,university,3150,4,India,Telangana,Hyderabad,17.423313,78.496968,2006-07-01,Hyderabad Community Hall,Wednesday,19:00,presidency-college-hyder@example.org,,,,,,"A university-based Rotaract club serving Hyderabad, India.",2026-08-01
RC00163,Hyderabad Sunrise,community,3150,4,India,Telangana,Hyderabad,17.353348,78.52179,,Hyderabad Community Hall,,,,https://example.org/hyderabad-sunrise,,,,,,2026-08-01
RC00164,University of Colombo Hyderabad 14,university,3150,4,India,Telangana,Hyderabad,17.397077,78.446945,,,Sunday,10:00,university-of-colombo-hy@example.org,,https://instagram.com/universityofcolombohy,,,,"A university-based Rotaract club serving Hyderabad, India.",2026-08-01
RC00165,Hyderabad Phoenix 15,community,3150,4,India,Telangana,Hyderabad,17.353558,78.47226,2007-07-01,Hyderabad Community Hall,Saturday,,hyderabad-phoenix-15@example.org,,,https://facebook.com/hyderabad-phoenix-15,https://linkedin.com/company/hyderabad-phoenix-15,,"A community-based Rotaract club serving Hyderabad, India.",2026-08-01
RC00166,Hyderabad Downtown,community,3150,4,India,Telangana,Hyderabad,17.389823,78.4728,,,Friday,19:00,hyderabad-downtown@example.org,https://example.org/hyderabad-downtown,,,,,"A community-based Rotaract club serving Hyderabad, India.",2026-08-01
RC00167,Hyderabad Crescent,community,3150,4,India,Telangana,Hyderabad,17.346615,78.485575,,,,18:30,hyderabad-crescent@example.org,,,,,https://youtube.com/@hyderabadcrescent,"A community-based Rotaract club serving Hyderabad, India.",2026-08-01
RC00168,Amrita Vishwa Vidyapeetham Hyderabad,university,3150,4,India,Telangana,Hyderabad,17.390745,78.522187,2006-07-01,Hyderabad Community Hall,Friday,,amrita-vishwa-vidyapeeth@example.org,,,,,,"A university-based Rotaract club serving Hyderabad, India.",2026-08-01
RC00169,Hyderabad Harmony,community,3150,4,India,Telangana,Hyderabad,17.375396,78.490674,,,,,hyderabad-harmony@example.org,,https://instagram.com/hyderabadharmony,,,https://youtube.com/@hyderabadharmony,,2026-08-01
RC00170,Jawaharlal Nehru University Hyderabad,university,3150,4,India,Telangana,Hyderabad,17.349493,78.510848,2020-07-01,Hyderabad Community Hall,,19:00,,,https://instagram.com/jawaharlalnehruunivers,,,https://youtube.com/@jawaharlalnehruunivers,,2026-08-01
RC00171,Hyderabad Harmony 21,community,3150,4,India,Telangana,Hyderabad,17.346152,78.455884,2013-07-01,Hyderabad Community Hall,Sunday,18:30,hyderabad-harmony-21@example.org,https://example.org/hyderabad-harmony-21,https://instagram.com/hyderabadharmony21,,,,"A community-based Rotaract club serving Hyderabad, India.",2026-08-01
RC00172,Tribhuvan University Hyderabad,university,3150,4,India,Telangana,Hyderabad,17.380468,78.456486,2024-07-01,,Friday,,,,,https://facebook.com/tribhuvan-university-hyd,,,,2026-08-01
RC00173,Christ University Hyderabad,university,3150,4,India,Telangana,Hyderabad,17.347491,78.51447,2015-07-01,Hyderabad Community Hall,Sunday,10:00,christ-university-hydera@example.org,,,,,,,2026-08-01
RC00174,Jawaharlal Nehru University Hyderabad 24,university,3150,4,India,Telangana,Hyderabad,17.385672,78.512984,,,Saturday,,jawaharlal-nehru-univers@example.org,,https://instagram.com/jawaharlalnehruunivers,,,,"A university-based Rotaract club serving Hyderabad, India.",2026-08-01
RC00175,Hyderabad Downtown 25,community,3150,4,India,Telangana,Hyderabad,17.392081,78.498855,,Hyderabad Community Hall,,,hyderabad-downtown-25@example.org,,,,,https://youtube.com/@hyderabaddowntown25,,2026-08-01
RC00176,St. Joseph's College Hyderabad,university,3150,4,India,Telangana,Hyderabad,17.351399,78.502765,2022-07-01,Hyderabad Community Hall,,19:00,st-joseph-s-college-hyde@example.org,,,https://facebook.com/st-joseph-s-college-hyde,,,,2026-08-01
RC00177,LUMS Hyderabad 27,university,3150,4,India,Telangana,Hyderabad,17.392806,78.488673,,,Sunday,18:30,lums-hyderabad-27@example.org,https://example.org/lums-hyderabad-27,,,https://linkedin.com/company/lums-hyderabad-27,,"A university-based Rotaract club serving Hyderabad, India.",2026-08-01
RC00178,Hyderabad Phoenix 28,community,3150,4,India,Telangana,Hyderabad,17.416913,78.526586,2015-07-01,Hyderabad Community Hall,Wednesday,19:00,hyderabad-phoenix-28@example.org,https://example.org/hyderabad-phoenix-28,https://instagram.com/hyderabadphoenix28,https://facebook.com/hyderabad-phoenix-28,,,"A community-based Rotaract club serving Hyderabad, India.",2026-08-01
RC00179,Kolkata,community,3291,6,India,West Bengal,Kolkata,22.536193,88.327431,2011-07-01,Kolkata Community Hall,Saturday,,kolkata@example.org,,,,,,,2026-08-01
RC00180,Christ University Kolkata,university,3291,6,India,West Bengal,Kolkata,22.598386,88.341295,2021-07-01,,,17:00,christ-university-kolkat@example.org,,https://instagram.com/christuniversitykolkat,,,,"A university-based Rotaract club serving Kolkata, India.",2026-08-01
RC00181,Tribhuvan University Kolkata,university,3291,6,India,West Bengal,Kolkata,,,2013-07-01,Kolkata Community Hall,,19:00,tribhuvan-university-kol@example.org,,https://instagram.com/tribhuvanuniversitykol,https://facebook.com/tribhuvan-university-kol,,,"A university-based Rotaract club serving Kolkata, India.",2026-08-01
RC00182,NUST Kolkata,university,3291,6,India,West Bengal,Kolkata,22.545718,88.352884,2006-07-01,Kolkata Community Hall,,,,,https://instagram.com/nustkolkata,https://facebook.com/nust-kolkata,,,"A university-based Rotaract club serving Kolkata, India.",2026-08-01
RC00183,Kolkata Sunrise,community,3291,6,India,West Bengal,Kolkata,22.571634,88.348375,2020-07-01,,Saturday,10:00,,,https://instagram.com/kolkatasunrise,,,,"A community-based Rotaract club serving Kolkata, India.",2026-08-01
RC00184,BITS Kolkata,university,3291,6,India,West Bengal,Kolkata,22.551406,88.33295,,Kolkata Community Hall,Sunday,,bits-kolkata@example.org,,,,,,,2026-08-01
RC00185,Kolkata Unity,community,3291,6,India,West Bengal,Kolkata,22.572135,88.343188,,Kolkata Community Hall,,19:00,kolkata-unity@example.org,,,,,,,2026-08-01
RC00186,St. Joseph's College Kolkata,university,3291,6,India,West Bengal,Kolkata,22.584846,88.382199,2022-07-01,Kolkata Community Hall,Wednesday,19:00,st-joseph-s-college-kolk@example.org,,https://instagram.com/stjosephscollegekolk,https://facebook.com/st-joseph-s-college-kolk,,,,2026-08-01
RC00187,University of Kolkata,university,3291,6,India,West Bengal,Kolkata,22.571368,88.3861,2009-07-01,Kolkata Community Hall,Friday,10:00,university-of-kolkata@example.org,,,,https://linkedin.com/company/university-of-kolkata,,"A university-based Rotaract club serving Kolkata, India.",2026-08-01
RC00188,Kolkata Oasis,community,3291,6,India,West Bengal,Kolkata,22.603607,88.370164,2021-07-01,,Wednesday,17:00,kolkata-oasis@example.org,https://example.org/kolkata-oasis,https://instagram.com/kolkataoasis,,,,"A community-based Rotaract club serving Kolkata, India.",2026-08-01
RC00189,Kolkata Phoenix,community,3291,6,India,West Bengal,Kolkata,22.54565,88.398523,2015-07-01,Kolkata Community Hall,,19:00,,,,,,,"A community-based Rotaract club serving Kolkata, India.",2026-08-01
RC00190,University of Colombo Kolkata,university,3291,6,India,West Bengal,Kolkata,22.543827,88.376448,2023-07-01,Kolkata Community Hall,Sunday,18:30,university-of-colombo-ko@example.org,https://example.org/university-of-colombo-ko,https://instagram.com/universityofcolomboko,,,,,2026-08-01
RC00191,Kolkata Capitol,community,3291,6,India,West Bengal,Kolkata,22.572312,88.340658,2023-07-01,,,18:30,kolkata-capitol@example.org,,https://instagram.com/kolkatacapitol,https://facebook.com/kolkata-capitol,,,"A community-based Rotaract club serving Kolkata, India.",2026-08-01
RC00192,Kolkata Summit,community,3291,6,India,West Bengal,Kolkata,22.584114,88.345096,,Kolkata Community Hall,Sunday,10:00,,,,,,,"A community-based Rotaract club serving Kolkata, India.",2026-08-01
RC00193,Kolkata Riverside,community,3291,6,India,West Bengal,Kolkata,22.587135,88.367593,2015-07-01,,,,kolkata-riverside@example.org,,https://instagram.com/kolkatariverside,,,,"A community-based Rotaract club serving Kolkata, India.",2026-08-01
RC00194,BITS Kolkata 16,university,3291,6,India,West Bengal,Kolkata,22.545182,88.351915,2005-07-01,Kolkata Community Hall,Friday,10:00,bits-kolkata-16@example.org,,,https://facebook.com/bits-kolkata-16,,,,2026-08-01
RC00195,Loyola College Kolkata,university,3291,6,India,West Bengal,Kolkata,22.553832,88.369595,2012-07-01,,Wednesday,,loyola-college-kolkata@example.org,,,https://facebook.com/loyola-college-kolkata,,,"A university-based Rotaract club serving Kolkata, India.",2026-08-01
RC00196,Kolkata Phoenix 18,community,3291,6,India,West Bengal,Kolkata,22.581757,88.346851,,Kolkata Community Hall,,18:30,kolkata-phoenix-18@example.org,,https://instagram.com/kolkataphoenix18,,,,,2026-08-01
RC00197,Presidency College Kolkata,university,3291,6,India,West Bengal,Kolkata,22.542465,88.359872,2007-07-01,Kolkata Community Hall,,19:00,presidency-college-kolka@example.org,https://example.org/presidency-college-kolka,https://instagram.com/presidencycollegekolka,https://facebook.com/presidency-college-kolka,https://linkedin.com/company/presidency-college-kolka,,"A university-based Rotaract club serving Kolkata, India.",2026-08-01
RC00198,BITS Kolkata 20,university,3291,6,India,West Bengal,Kolkata,22.533757,88.345951,2012-07-01,Kolkata Community Hall,Friday,,bits-kolkata-20@example.org,https://example.org/bits-kolkata-20,https://instagram.com/bitskolkata20,https://facebook.com/bits-kolkata-20,,,,2026-08-01
RC00199,Kolkata Garden City,community,3291,6,India,West Bengal,Kolkata,22.561428,88.402269,2019-07-01,Kolkata Community Hall,,18:30,kolkata-garden-city@example.org,,,,https://linkedin.com/company/kolkata-garden-city,,,2026-08-01
RC00200,Kolkata Pearl,community,3291,6,India,West Bengal,Kolkata,22.608526,88.335834,,,Saturday,,,,,https://facebook.com/kolkata-pearl,,,,2026-08-01
RC00201,Kolkata Lakeview,community,3291,6,India,West Bengal,Kolkata,22.592728,88.354497,2018-07-01,Kolkata Community Hall,,,kolkata-lakeview@example.org,https://example.org/kolkata-lakeview,https://instagram.com/kolkatalakeview,,,,,2026-08-01
RC00202,Kolkata Harmony,community,3291,6,India,West Bengal,Kolkata,22.533482,88.343361,2022-07-01,,,,kolkata-harmony@example.org,,https://instagram.com/kolkataharmony,,,,"A community-based Rotaract club serving Kolkata, India.",2026-08-01
RC00203,Kolkata Unity 25,community,3291,6,India,West Bengal,Kolkata,22.572999,88.371022,,Kolkata Community Hall,Wednesday,,kolkata-unity-25@example.org,,,,,,,2026-08-01
RC00204,Pune,community,3131,3,India,Maharashtra,Pune,18.497463,73.848677,2015-07-01,Pune Community Hall,Sunday,,pune@example.org,,https://instagram.com/pune,https://facebook.com/pune,,,,2026-08-01
RC00205,Pune Oasis,community,3131,3,India,Maharashtra,Pune,18.547182,73.838882,2009-07-01,Pune Community Hall,,19:00,pune-oasis@example.org,,https://instagram.com/puneoasis,,,,"A community-based Rotaract club serving Pune, India.",2026-08-01
RC00206,Pune Crescent,community,3131,3,India,Maharashtra,Pune,18.552908,73.884096,2006-07-01,Pune Community Hall,Saturday,19:00,pune-crescent@example.org,https://example.org/pune-crescent,,https://facebook.com/pune-crescent,,,"A community-based Rotaract club serving Pune, India.",2026-08-01
RC00207,Pune Metropolitan,community,3131,3,India,Maharashtra,Pune,18.502948,73.877086,2007-07-01,Pune Community Hall,,,pune-metropolitan@example.org,,,https://facebook.com/pune-metropolitan,,,,2026-08-01
RC00208,Pune Gateway,community,3131,3,India,Maharashtra,Pune,18.549387,73.833115,2008-07-01,Pune Community Hall,,18:30,pune-gateway@example.org,https://example.org/pune-gateway,,,,,"A community-based Rotaract club serving Pune, India.",2026-08-01
RC00209,Christ University Pune,university,3131,3,India,Maharashtra,Pune,18.506985,73.893457,2023-07-01,Pune Community Hall,,18:30,christ-university-pune@example.org,,https://instagram.com/christuniversitypune,https://facebook.com/christ-university-pune,,,,2026-08-01
RC00210,Pune Harmony,community,3131,3,India,Maharashtra,Pune,18.483871,73.892758,,Pune Community Hall,Saturday,,pune-harmony@example.org,,,,,,"A community-based Rotaract club serving Pune, India.",2026-08-01
RC00211,Pune Capitol,community,3131,3,India,Maharashtra,Pune,18.552487,73.822386,,,Sunday,,pune-capitol@example.org,https://example.org/pune-capitol,https://instagram.com/punecapitol,https://facebook.com/pune-capitol,,,"A community-based Rotaract club serving Pune, India.",2026-08-01
RC00212,Pune Unity,community,3131,3,India,Maharashtra,Pune,18.495464,73.864782,2010-07-01,Pune Community Hall,Sunday,18:30,,,,,,https://youtube.com/@puneunity,,2026-08-01
RC00213,IIT Pune,university,3131,3,India,Maharashtra,Pune,18.513271,73.892534,2014-07-01,Pune Community Hall,,,iit-pune@example.org,,,https://facebook.com/iit-pune,,,"A university-based Rotaract club serving Pune, India.",2026-08-01
RC00214,Tribhuvan University Pune,university,3131,3,India,Maharashtra,Pune,18.490975,73.868089,,Pune Community Hall,,,,https://example.org/tribhuvan-university-pun,https://instagram.com/tribhuvanuniversitypun,,,,"A university-based Rotaract club serving Pune, India.",2026-08-01
RC00215,Jawaharlal Nehru University Pune,university,3131,3,India,Maharashtra,Pune,18.513083,73.896047,2011-07-01,Pune Community Hall,,,jawaharlal-nehru-univers@example.org,,,,https://linkedin.com/company/jawaharlal-nehru-univers,,,2026-08-01
RC00216,BITS Pune,university,3131,3,India,Maharashtra,Pune,18.496389,73.838755,2014-07-01,,,,,,,https://facebook.com/bits-pune,,,,2026-08-01
RC00217,Pune Horizon,community,3131,3,India,Maharashtra,Pune,18.502924,73.82257,,Pune Community Hall,,17:00,,,https://instagram.com/punehorizon,https://facebook.com/pune-horizon,https://linkedin.com/company/pune-horizon,,"A community-based Rotaract club serving Pune, India.",2026-08-01
RC00218,Pune Garden City,community,3131,3,India,Maharashtra,Pune,18.482162,73.869559,2019-07-01,Pune Community Hall,Sunday,19:00,,,,https://facebook.com/pune-garden-city,https://linkedin.com/company/pune-garden-city,,"A community-based Rotaract club serving Pune, India.",2026-08-01
RC00219,Pune Oasis 16,community,3131,3,India,Maharashtra,Pune,18.536365,73.878918,2018-07-01,,,10:00,pune-oasis-16@example.org,,https://instagram.com/puneoasis16,,https://linkedin.com/company/pune-oasis-16,,"A community-based Rotaract club serving Pune, India.",2026-08-01
RC00220,Tribhuvan University Pune 17,university,3131,3,India,Maharashtra,Pune,18.547392,73.87245,,,Sunday,,tribhuvan-university-pun@example.org,,https://instagram.com/tribhuvanuniversitypun,,https://linkedin.com/company/tribhuvan-university-pun,,,2026-08-01
RC00221,Pune Phoenix,community,3131,3,India,Maharashtra,Pune,18.520479,73.887631,2021-07-01,,,18:30,pune-phoenix@example.org,,,,,,,2026-08-01
RC00222,Manipal Academy Pune,university,3131,3,India,Maharashtra,Pune,18.493506,73.838533,2006-07-01,Pune Community Hall,Wednesday,19:00,manipal-academy-pune@example.org,,,,,,,2026-08-01
RC00223,Pune Oasis 20,community,3131,3,India,Maharashtra,Pune,18.521196,73.851589,2011-07-01,,,10:00,pune-oasis-20@example.org,,https://instagram.com/puneoasis20,,,,"A community-based Rotaract club serving Pune, India.",2026-08-01
RC00224,Pune Capitol 21,community,3131,3,India,Maharashtra,Pune,18.512225,73.884893,2015-07-01,,Saturday,18:30,,,,https://facebook.com/pune-capitol-21,,,,2026-08-01
RC00225,NIT Pune,university,3131,3,India,Maharashtra,Pune,18.51697,73.847983,,Pune Community Hall,,17:00,nit-pune@example.org,,https://instagram.com/nitpune,,,,"A university-based Rotaract club serving Pune, India.",2026-08-01
RC00226,Pune Riverside,community,3131,3,India,Maharashtra,Pune,18.517481,73.826733,2006-07-01,,,18:30,,,,,https://linkedin.com/company/pune-riverside,,"A community-based Rotaract club serving Pune, India.",2026-08-01
RC00227,University of Dhaka Pune,university,3131,3,India,Maharashtra,Pune,18.534823,73.82015,2014-07-01,Pune Community Hall,Saturday,,university-of-dhaka-pune@example.org,https://example.org/university-of-dhaka-pune,,,,,,2026-08-01
RC00228,IIT Pune 25,university,3131,3,India,Maharashtra,Pune,18.485185,73.829689,2007-07-01,Pune Community Hall,,,iit-pune-25@example.org,,https://instagram.com/iitpune25,https://facebook.com/iit-pune-25,,,"A university-based Rotaract club serving Pune, India.",2026-08-01
RC00229,Ahmedabad,community,3051,2,India,Gujarat,Ahmedabad,23.040239,72.606282,,Ahmedabad Community Hall,Saturday,,ahmedabad@example.org,https://example.org/ahmedabad,https://instagram.com/ahmedabad,,,,"A community-based Rotaract club serving Ahmedabad, India.",2026-08-01
RC00230,Ahmedabad Gateway,community,3051,2,India,Gujarat,Ahmedabad,23.026516,72.552673,2010-07-01,Ahmedabad Community Hall,,17:00,,,https://instagram.com/ahmedabadgateway,https://facebook.com/ahmedabad-gateway,https://linkedin.com/company/ahmedabad-gateway,,"A community-based Rotaract club serving Ahmedabad, India.",2026-08-01
RC00231,Christ University Ahmedabad,university,3051,2,India,Gujarat,Ahmedabad,23.038937,72.552862,,Ahmedabad Community Hall,Wednesday,10:00,christ-university-ahmeda@example.org,https://example.org/christ-university-ahmeda,https://instagram.com/christuniversityahmeda,,,,"A university-based Rotaract club serving Ahmedabad, India.",2026-08-01
RC00232,Ahmedabad Beacon,community,3051,2,India,Gujarat,Ahmedabad,23.023015,72.578615,2020-07-01,Ahmedabad Community Hall,,10:00,ahmedabad-beacon@example.org,,https://instagram.com/ahmedabadbeacon,,https://linkedin.com/company/ahmedabad-beacon,,,2026-08-01
RC00233,Ahmedabad Metropolitan,community,3051,2,India,Gujarat,Ahmedabad,23.041819,72.6058,2015-07-01,Ahmedabad Community Hall,Sunday,,,https://example.org/ahmedabad-metropolitan,https://instagram.com/ahmedabadmetropolitan,,,,"A community-based Rotaract club serving Ahmedabad, India.",2026-08-01
RC00234,Tribhuvan University Ahmedabad,university,3051,2,India,Gujarat,Ahmedabad,23.046527,72.602349,2011-07-01,Ahmedabad Community Hall,Sunday,19:00,,,,,,,,2026-08-01
RC00235,University of Ahmedabad,university,3051,2,India,Gujarat,Ahmedabad,22.992455,72.6075,2012-07-01,Ahmedabad Community Hall,Friday,10:00,university-of-ahmedabad@example.org,,https://instagram.com/universityofahmedabad,,https://linkedin.com/company/university-of-ahmedabad,,,2026-08-01
RC00236,Ahmedabad Unity,community,3051,2,India,Gujarat,Ahmedabad,23.042041,72.562697,2021-07-01,Ahmedabad Community Hall,Saturday,,,,,https://facebook.com/ahmedabad-unity,https://linkedin.com/company/ahmedabad-unity,,"A community-based Rotaract club serving Ahmedabad, India.",2026-08-01
RC00237,Ahmedabad Summit,community,3051,2,India,Gujarat,Ahmedabad,22.98392,72.583769,2009-07-01,,Wednesday,10:00,ahmedabad-summit@example.org,,https://instagram.com/ahmedabadsummit,,,https://youtube.com/@ahmedabadsummit,"A community-based Rotaract club serving Ahmedabad, India.",2026-08-01
RC00238,Presidency College Ahmedabad,university,3051,2,India,Gujarat,Ahmedabad,23.028101,72.589945,2010-07-01,Ahmedabad Community Hall,Saturday,,presidency-college-ahmed@example.org,,,https://facebook.com/presidency-college-ahmed,,,,2026-08-01
RC00239,Ahmedabad Metropolitan 11,community,3051,2,India,Gujarat,Ahmedabad,22.994606,72.540179,2016-07-01,Ahmedabad Community Hall,,10:00,ahmedabad-metropolitan-1@example.org,,https://instagram.com/ahmedabadmetropolitan1,https://facebook.com/ahmedabad-metropolitan-1,,,,2026-08-01
RC00240,Ahmedabad Heritage,community,3051,2,India,Gujarat,Ahmedabad,23.045775,72.543904,2005-07-01,Ahmedabad Community Hall,Saturday,,,https://example.org/ahmedabad-heritage,https://instagram.com/ahmedabadheritage,,https://linkedin.com/company/ahmedabad-heritage,,,2026-08-01
RC00241,Tribhuvan University Ahmedabad 13,university,3051,2,India,Gujarat,Ahmedabad,23.010948,72.545892,2022-07-01,Ahmedabad Community Hall,Wednesday,19:00,,,https://instagram.com/tribhuvanuniversityahm,https://facebook.com/tribhuvan-university-ahm,,,,2026-08-01
RC00242,Ahmedabad Lakeview,community,3051,2,India,Gujarat,Ahmedabad,23.035248,72.531547,2012-07-01,Ahmedabad Community Hall,Sunday,,ahmedabad-lakeview@example.org,https://example.org/ahmedabad-lakeview,https://instagram.com/ahmedabadlakeview,,,,,2026-08-01
RC00243,Ahmedabad Riverside,community,3051,2,India,Gujarat,Ahmedabad,23.032893,72.562308,2019-07-01,Ahmedabad Community Hall,Sunday,,ahmedabad-riverside@example.org,https://example.org/ahmedabad-riverside,https://instagram.com/ahmedabadriverside,https://facebook.com/ahmedabad-riverside,,,,2026-08-01
RC00244,NIT Ahmedabad,university,3051,2,India,Gujarat,Ahmedabad,23.022632,72.586107,2020-07-01,,Friday,,,,https://instagram.com/nitahmedabad,https://facebook.com/nit-ahmedabad,,,,2026-08-01
RC00245,NUST Ahmedabad,university,3051,2,India,Gujarat,Ahmedabad,23.048195,72.596246,2013-07-01,,,19:00,nust-ahmedabad@example.org,,,,,,,2026-08-01
RC00246,Ahmedabad Pearl,community,3051,2,India,Gujarat,Ahmedabad,23.025131,72.600966,2019-07-01,Ahmedabad Community Hall,Saturday,19:00,,,https://instagram.com/ahmedabadpearl,,,,"A community-based Rotaract club serving Ahmedabad, India.",2026-08-01
RC00247,University of Jaipur,university,3052,2,India,Rajasthan,Jaipur,26.936421,75.754271,2021-07-01,Jaipur Community Hall,Sunday,10:00,university-of-jaipur@example.org,https://example.org/university-of-jaipur,,https://facebook.com/university-of-jaipur,,,,2026-08-01
RC00248,University of Colombo Jaipur,university,3052,2,India,Rajasthan,Jaipur,26.91484,75.815521,2013-07-01,Jaipur Community Hall,,19:00,university-of-colombo-ja@example.org,,https://instagram.com/universityofcolomboja,https://facebook.com/university-of-colombo-ja,,,"A university-based Rotaract club serving Jaipur, India.",2026-08-01
RC00249,Jaipur Phoenix,community,3052,2,India,Rajasthan,Jaipur,26.887358,75.765315,,Jaipur Community Hall,Sunday,10:00,,,,,,,,2026-08-01
RC00250,Jaipur Capitol,community,3052,2,India,Rajasthan,Jaipur,26.934911,75.785982,,,,,jaipur-capitol@example.org,https://example.org/jaipur-capitol,,,,,"A community-based Rotaract club serving Jaipur, India.",2026-08-01
RC00251,Jaipur Riverside,community,3052,2,India,Rajasthan,Jaipur,26.909819,75.78451,2022-07-01,,,17:00,,,,,,,,2026-08-01
RC00252,LUMS Jaipur,university,3052,2,India,Rajasthan,Jaipur,26.92592,75.804476,2005-07-01,,Friday,19:00,,,,https://facebook.com/lums-jaipur,,,"A university-based Rotaract club serving Jaipur, India.",2026-08-01
RC00253,Jaipur Harmony,community,3052,2,India,Rajasthan,Jaipur,26.927176,75.765688,,,,17:00,jaipur-harmony@example.org,https://example.org/jaipur-harmony,,,,,"A community-based Rotaract club serving Jaipur, India.",2026-08-01
RC00254,Jaipur Central,community,3052,2,India,Rajasthan,Jaipur,26.891511,75.769223,2015-07-01,Jaipur Community Hall,Friday,,jaipur-central@example.org,,https://instagram.com/jaipurcentral,,,,"A community-based Rotaract club serving Jaipur, India.",2026-08-01
RC00255,Symbiosis Jaipur,university,3052,2,India,Rajasthan,Jaipur,26.875168,75.783536,2020-07-01,,Friday,,symbiosis-jaipur@example.org,,,,,https://youtube.com/@symbiosisjaipur,,2026-08-01
RC00256,Jaipur Garden City,community,3052,2,India,Rajasthan,Jaipur,26.903014,75.791602,,Jaipur Community Hall,,17:00,,,https://instagram.com/jaipurgardencity,,,,"A community-based Rotaract club serving Jaipur, India.",2026-08-01
RC00257,Manipal Academy Jaipur,university,3052,2,India,Rajasthan,Jaipur,26.911356,75.764164,2019-07-01,Jaipur Community Hall,Saturday,,,https://example.org/manipal-academy-jaipur,,,,,"A university-based Rotaract club serving Jaipur, India.",2026-08-01
RC00258,Jaipur Pearl,community,3052,2,India,Rajasthan,Jaipur,26.911153,75.800262,,Jaipur Community Hall,,10:00,,,https://instagram.com/jaipurpearl,https://facebook.com/jaipur-pearl,,,"A community-based Rotaract club serving Jaipur, India.",2026-08-01
RC00259,LUMS Jaipur 13,university,3052,2,India,Rajasthan,Jaipur,26.928455,75.798173,,,Wednesday,17:00,lums-jaipur-13@example.org,,https://instagram.com/lumsjaipur13,,https://linkedin.com/company/lums-jaipur-13,,"A university-based Rotaract club serving Jaipur, India.",2026-08-01
RC00260,Jaipur Garden City 14,community,3052,2,India,Rajasthan,Jaipur,26.932738,75.7667,2008-07-01,Jaipur Community Hall,,17:00,,,,,,https://youtube.com/@jaipurgardencity14,"A community-based Rotaract club serving Jaipur, India.",2026-08-01
RC00261,Presidency College Jaipur,university,3052,2,India,Rajasthan,Jaipur,26.886167,75.758678,2011-07-01,Jaipur Community Hall,,,presidency-college-jaipu@example.org,,https://instagram.com/presidencycollegejaipu,,,,"A university-based Rotaract club serving Jaipur, India.",2026-08-01
RC00262,LUMS Kochi,university,3201,5,India,Kerala,Kochi,9.949554,76.265045,2022-07-01,,Wednesday,17:00,,,,https://facebook.com/lums-kochi,,https://youtube.com/@lumskochi,"A university-based Rotaract club serving Kochi, India.",2026-08-01
RC00263,Kochi Harmony,community,3201,5,India,Kerala,Kochi,9.950812,76.240754,2023-07-01,Kochi Community Hall,Friday,,kochi-harmony@example.org,,,https://facebook.com/kochi-harmony,,https://youtube.com/@kochiharmony,"A community-based Rotaract club serving Kochi, India.",2026-08-01
RC00264,Kochi Heritage,community,3201,5,India,Kerala,Kochi,9.936402,76.29492,2022-07-01,Kochi Community Hall,Sunday,,kochi-heritage@example.org,,https://instagram.com/kochiheritage,https://facebook.com/kochi-heritage,,,"A community-based Rotaract club serving Kochi, India.",2026-08-01
RC00265,Amrita Vishwa Vidyapeetham Kochi,university,3201,5,India,Kerala,Kochi,9.940308,76.237917,,Kochi Community Hall,Saturday,19:00,amrita-vishwa-vidyapeeth@example.org,,https://instagram.com/amritavishwavidyapeeth,,,,,2026-08-01
RC00266,Christ University Kochi,university,3201,5,India,Kerala,Kochi,9.96518,76.240697,,Kochi Community Hall,Sunday,17:00,christ-university-kochi@example.org,https://example.org/christ-university-kochi,https://instagram.com/christuniversitykochi,,,,"A university-based Rotaract club serving Kochi, India.",2026-08-01
RC00267,LUMS Kochi 6,university,3201,5,India,Kerala,Kochi,9.943116,76.3073,2015-07-01,Kochi Community Hall,,,lums-kochi-6@example.org,https://example.org/lums-kochi-6,https://instagram.com/lumskochi6,https://facebook.com/lums-kochi-6,,,"A university-based Rotaract club serving Kochi, India.",2026-08-01
RC00268,Kochi Pearl,community,3201,5,India,Kerala,Kochi,9.971085,76.262949,2022-07-01,Kochi Community Hall,Wednesday,19:00,,,https://instagram.com/kochipearl,,,,"A community-based Rotaract club serving Kochi, India.",2026-08-01
RC00269,Kochi Garden City,community,3201,5,India,Kerala,Kochi,9.934325,76.230711,,Kochi Community Hall,,18:30,,,https://instagram.com/kochigardencity,,,,,2026-08-01
RC00270,Jawaharlal Nehru University Kochi,university,3201,5,India,Kerala,Kochi,9.895289,76.259981,,Kochi Community Hall,Sunday,10:00,jawaharlal-nehru-univers@example.org,,https://instagram.com/jawaharlalnehruunivers,,,,"A university-based Rotaract club serving Kochi, India.",2026-08-01
RC00271,Kochi Heritage 10,community,3201,5,India,Kerala,Kochi,9.939214,76.245695,2019-07-01,,,19:00,kochi-heritage-10@example.org,,,https://facebook.com/kochi-heritage-10,,,"A community-based Rotaract club serving Kochi, India.",2026-08-01
RC00272,Manipal Academy Kochi,university,3201,5,India,Kerala,Kochi,9.926087,76.286187,2014-07-01,,,,manipal-academy-kochi@example.org,,,https://facebook.com/manipal-academy-kochi,,,,2026-08-01
RC00273,Kochi Gateway,community,3201,5,India,Kerala,Kochi,9.959118,76.254717,2015-07-01,Kochi Community Hall,Wednesday,,kochi-gateway@example.org,,https://instagram.com/kochigateway,,,https://youtube.com/@kochigateway,,2026-08-01
RC00274,Kochi Gateway 13,community,3201,5,India,Kerala,Kochi,9.932458,76.270449,2006-07-01,,Sunday,10:00,,,https://instagram.com/kochigateway13,,,,"A community-based Rotaract club serving Kochi, India.",2026-08-01
RC00275,Kochi Crescent,community,3201,5,India,Kerala,Kochi,9.957848,76.235,2013-07-01,Kochi Community Hall,Friday,10:00,kochi-crescent@example.org,https://example.org/kochi-crescent,,,,https://youtube.com/@kochicrescent,,2026-08-01
RC00276,NUST Kochi,university,3201,5,India,Kerala,Kochi,9.894116,76.250975,2013-07-01,Kochi Community Hall,,,,https://example.org/nust-kochi,,https://facebook.com/nust-kochi,,,"A university-based Rotaract club serving Kochi, India.",2026-08-01
RC00277,LUMS Kochi 16,university,3201,5,India,Kerala,Kochi,9.962634,76.306773,2012-07-01,Kochi Community Hall,,17:00,lums-kochi-16@example.org,,https://instagram.com/lumskochi16,,,,"A university-based Rotaract club serving Kochi, India.",2026-08-01
RC00278,Lucknow,community,3110,1,India,Uttar Pradesh,Lucknow,26.857785,80.957529,,,Saturday,17:00,lucknow@example.org,https://example.org/lucknow,https://instagram.com/lucknow,,,,"A community-based Rotaract club serving Lucknow, India.",2026-08-01
RC00279,Symbiosis Lucknow,university,3110,1,India,Uttar Pradesh,Lucknow,26.877218,80.911896,2007-07-01,,,,symbiosis-lucknow@example.org,,,,,https://youtube.com/@symbiosislucknow,"A university-based Rotaract club serving Lucknow, India.",2026-08-01
RC00280,Lucknow Beacon,community,3110,1,India,Uttar Pradesh,Lucknow,26.883196,80.944765,2013-07-01,,,19:00,lucknow-beacon@example.org,,https://instagram.com/lucknowbeacon,,https://linkedin.com/company/lucknow-beacon,,,2026-08-01
RC00281,Lucknow Frontier,community,3110,1,India,Uttar Pradesh,Lucknow,26.835125,80.914858,2010-07-01,,Sunday,18:30,lucknow-frontier@example.org,,,https://facebook.com/lucknow-frontier,,,,2026-08-01
RC00282,BITS Lucknow,university,3110,1,India,Uttar Pradesh,Lucknow,26.859519,80.97224,2009-07-01,Lucknow Community Hall,,17:00,bits-lucknow@example.org,https://example.org/bits-lucknow,,https://facebook.com/bits-lucknow,,,,2026-08-01
RC00283,Manipal Academy Lucknow,university,3110,1,India,Uttar Pradesh,Lucknow,26.825284,80.938858,2018-07-01,Lucknow Community Hall,,18:30,manipal-academy-lucknow@example.org,https://example.org/manipal-academy-lucknow,,,,,"A university-based Rotaract club serving Lucknow, India.",2026-08-01
RC00284,Lucknow Phoenix,community,3110,1,India,Uttar Pradesh,Lucknow,26.834306,80.914496,,Lucknow Community Hall,,10:00,,,,,,https://youtube.com/@lucknowphoenix,"A community-based Rotaract club serving Lucknow, India.",2026-08-01
RC00285,NUST Lucknow,university,3110,1,India,Uttar Pradesh,Lucknow,26.823284,80.9781,,Lucknow Community Hall,Saturday,,nust-lucknow@example.org,,,,,,,2026-08-01
RC00286,St. Joseph's College Lucknow,university,3110,1,India,Uttar Pradesh,Lucknow,26.876415,80.97253,,Lucknow Community Hall,,,st-joseph-s-college-luck@example.org,,https://instagram.com/stjosephscollegeluck,https://facebook.com/st-joseph-s-college-luck,,,"A university-based Rotaract club serving Lucknow, India.",2026-08-01
RC00287,NUST Lucknow 10,university,3110,1,India,Uttar Pradesh,Lucknow,26.840002,80.945874,2017-07-01,Lucknow Community Hall,Saturday,10:00,nust-lucknow-10@example.org,,,,,,"A university-based Rotaract club serving Lucknow, India.",2026-08-01
RC00288,Lucknow Harmony,community,3110,1,India,Uttar Pradesh,Lucknow,26.882236,80.968221,2012-07-01,Lucknow Community Hall,,17:00,lucknow-harmony@example.org,,,,,,"A community-based Rotaract club serving Lucknow, India.",2026-08-01
RC00289,Lucknow Gateway,community,3110,1,India,Uttar Pradesh,Lucknow,26.883098,80.932023,2024-07-01,,Wednesday,19:00,lucknow-gateway@example.org,,,https://facebook.com/lucknow-gateway,https://linkedin.com/company/lucknow-gateway,,,2026-08-01
RC00290,University of Dhaka Lucknow,university,3110,1,India,Uttar Pradesh,Lucknow,26.871682,80.92441,2023-07-01,Lucknow Community Hall,Saturday,,,https://example.org/university-of-dhaka-luck,,,https://linkedin.com/company/university-of-dhaka-luck,,"A university-based Rotaract club serving Lucknow, India.",2026-08-01
RC00291,IIT Lucknow,university,3110,1,India,Uttar Pradesh,Lucknow,26.867977,80.946839,2009-07-01,,,,,,,,,,,2026-08-01
RC00292,Presidency College Chandigarh,university,3080,1,India,Chandigarh,Chandigarh,30.718559,76.780407,2023-07-01,Chandigarh Community Hall,,17:00,presidency-college-chand@example.org,https://example.org/presidency-college-chand,https://instagram.com/presidencycollegechand,,,,,2026-08-01
RC00293,BITS Chandigarh,university,3080,1,India,Chandigarh,Chandigarh,30.736428,76.816868,2016-07-01,Chandigarh Community Hall,,,bits-chandigarh@example.org,,https://instagram.com/bitschandigarh,,,,,2026-08-01
RC00294,Chandigarh Garden City,community,3080,1,India,Chandigarh,Chandigarh,30.694038,76.776141,2006-07-01,,Wednesday,10:00,chandigarh-garden-city@example.org,https://example.org/chandigarh-garden-city,,,,,"A community-based Rotaract club serving Chandigarh, India.",2026-08-01
RC00295,Chandigarh Unity,community,3080,1,India,Chandigarh,Chandigarh,30.761111,76.778136,,Chandigarh Community Hall,Saturday,,chandigarh-unity@example.org,,https://instagram.com/chandigarhunity,,,,"A community-based Rotaract club serving Chandigarh, India.",2026-08-01
RC00296,IIT Chandigarh,university,3080,1,India,Chandigarh,Chandigarh,30.744368,76.792921,2007-07-01,Chandigarh Community Hall,Wednesday,17:00,iit-chandigarh@example.org,https://example.org/iit-chandigarh,,,,,"A university-based Rotaract club serving Chandigarh, India.",2026-08-01
RC00297,University of Dhaka Chandigarh,university,3080,1,India,Chandigarh,Chandigarh,30.759419,76.759738,2022-07-01,Chandigarh Community Hall,,10:00,university-of-dhaka-chan@example.org,,,https://facebook.com/university-of-dhaka-chan,,https://youtube.com/@universityofdhakachan,"A university-based Rotaract club serving Chandigarh, India.",2026-08-01
RC00298,University of Dhaka Chandigarh 7,university,3080,1,India,Chandigarh,Chandigarh,30.764201,76.794865,2017-07-01,Chandigarh Community Hall,,18:30,university-of-dhaka-chan@example.org,,,https://facebook.com/university-of-dhaka-chan,,,"A university-based Rotaract club serving Chandigarh, India.",2026-08-01
RC00299,Chandigarh Crescent,community,3080,1,India,Chandigarh,Chandigarh,30.742562,76.805923,2012-07-01,,,,,https://example.org/chandigarh-crescent,,,,,,2026-08-01
RC00300,Chandigarh Oasis,community,3080,1,India,Chandigarh,Chandigarh,30.740953,76.801096,2018-07-01,,Sunday,,chandigarh-oasis@example.org,,,,https://linkedin.com/company/chandigarh-oasis,,,2026-08-01
RC00301,University of Colombo Chandigarh,university,3080,1,India,Chandigarh,Chandigarh,30.699442,76.816526,2007-07-01,,,17:00,,,,,,,,2026-08-01
RC00302,Chandigarh Garden City 11,community,3080,1,India,Chandigarh,Chandigarh,30.739931,76.770276,2018-07-01,Chandigarh Community Hall,Wednesday,18:30,chandigarh-garden-city-1@example.org,,https://instagram.com/chandigarhgardencity1,,,,"A community-based Rotaract club serving Chandigarh, India.",2026-08-01
RC00303,Tribhuvan University Chandigarh,university,3080,1,India,Chandigarh,Chandigarh,30.695077,76.74237,,,Friday,17:00,tribhuvan-university-cha@example.org,,,,https://linkedin.com/company/tribhuvan-university-cha,,,2026-08-01
RC00304,Colombo,community,3220,7,Sri Lanka,Western Province,Colombo,6.92611,79.851811,2011-07-01,,,18:30,,,,,,,,2026-08-01
RC00305,Colombo Pearl,community,3220,7,Sri Lanka,Western Province,Colombo,6.966178,79.827952,2013-07-01,Colombo Community Hall,Friday,18:30,colombo-pearl@example.org,https://example.org/colombo-pearl,,https://facebook.com/colombo-pearl,,https://youtube.com/@colombopearl,,2026-08-01
RC00306,Manipal Academy Colombo,university,3220,7,Sri Lanka,Western Province,Colombo,6.919887,79.884801,2014-07-01,Colombo Community Hall,Saturday,,,,https://instagram.com/manipalacademycolombo,,,,,2026-08-01
RC00307,Colombo Pearl 4,community,3220,7,Sri Lanka,Western Province,Colombo,6.891294,79.869175,,,,,colombo-pearl-4@example.org,,,,,,"A community-based Rotaract club serving Colombo, Sri Lanka.",2026-08-01
RC00308,Christ University Colombo,university,3220,7,Sri Lanka,Western Province,Colombo,6.890238,79.851239,,Colombo Community Hall,Wednesday,17:00,christ-university-colomb@example.org,,,https://facebook.com/christ-university-colomb,,,,2026-08-01
RC00309,IIT Colombo,university,3220,7,Sri Lanka,Western Province,Colombo,6.912492,79.884277,2007-07-01,Colombo Community Hall,,18:30,iit-colombo@example.org,https://example.org/iit-colombo,,,,,"A university-based Rotaract club serving Colombo, Sri Lanka.",2026-08-01
RC00310,University of Colombo,university,3220,7,Sri Lanka,Western Province,Colombo,6.947118,79.855781,,Colombo Community Hall,,10:00,university-of-colombo@example.org,https://example.org/university-of-colombo,,,,,,2026-08-01
RC00311,Colombo Phoenix,community,3220,7,Sri Lanka,Western Province,Colombo,6.938068,79.873296,2010-07-01,Colombo Community Hall,,10:00,,,https://instagram.com/colombophoenix,https://facebook.com/colombo-phoenix,,,"A community-based Rotaract club serving Colombo, Sri Lanka.",2026-08-01
RC00312,Amrita Vishwa Vidyapeetham Colombo,university,3220,7,Sri Lanka,Western Province,Colombo,6.940227,79.898688,2006-07-01,,Wednesday,10:00,,,,,,,"A university-based Rotaract club serving Colombo, Sri Lanka.",2026-08-01
RC00313,Loyola College Colombo,university,3220,7,Sri Lanka,Western Province,Colombo,6.96466,79.841029,2017-07-01,Colombo Community Hall,Friday,17:00,loyola-college-colombo@example.org,,,,,https://youtube.com/@loyolacollegecolombo,,2026-08-01
RC00314,Colombo Pearl 11,community,3220,7,Sri Lanka,Western Province,Colombo,6.959301,79.832673,2008-07-01,,Sunday,10:00,colombo-pearl-11@example.org,https://example.org/colombo-pearl-11,https://instagram.com/colombopearl11,https://facebook.com/colombo-pearl-11,,,,2026-08-01
RC00315,Colombo Downtown,community,3220,7,Sri Lanka,Western Province,Colombo,6.939819,79.89378,2023-07-01,Colombo Community Hall,Friday,10:00,colombo-downtown@example.org,,,,,,"A community-based Rotaract club serving Colombo, Sri Lanka.",2026-08-01
RC00316,Colombo Crescent,community,3220,7,Sri Lanka,Western Province,Colombo,6.927495,79.856583,,Colombo Community Hall,Friday,10:00,colombo-crescent@example.org,,https://instagram.com/colombocrescent,https://facebook.com/colombo-crescent,,,,2026-08-01
RC00317,Colombo Metropolitan,community,3220,7,Sri Lanka,Western Province,Colombo,6.888606,79.887084,2018-07-01,Colombo Community Hall,,,colombo-metropolitan@example.org,,,https://facebook.com/colombo-metropolitan,https://linkedin.com/company/colombo-metropolitan,,"A community-based Rotaract club serving Colombo, Sri Lanka.",2026-08-01
RC00318,Colombo Riverside,community,3220,7,Sri Lanka,Western Province,Colombo,6.94907,79.829099,2024-07-01,,,10:00,colombo-riverside@example.org,,,https://facebook.com/colombo-riverside,,https://youtube.com/@colomboriverside,"A community-based Rotaract club serving Colombo, Sri Lanka.",2026-08-01
RC00319,Manipal Academy Colombo 16,university,3220,7,Sri Lanka,Western Province,Colombo,6.950236,79.869269,2018-07-01,Colombo Community Hall,Sunday,17:00,manipal-academy-colombo-@example.org,,,,,,,2026-08-01
RC00320,Tribhuvan University Colombo,university,3220,7,Sri Lanka,Western Province,Colombo,6.923843,79.859449,2009-07-01,Colombo Community Hall,,17:00,,https://example.org/tribhuvan-university-col,,https://facebook.com/tribhuvan-university-col,https://linkedin.com/company/tribhuvan-university-col,,"A university-based Rotaract club serving Colombo, Sri Lanka.",2026-08-01
RC00321,Tribhuvan University Colombo 18,university,3220,7,Sri Lanka,Western Province,Colombo,6.918027,79.848469,2019-07-01,Colombo Community Hall,Sunday,,tribhuvan-university-col@example.org,,https://instagram.com/tribhuvanuniversitycol,,,,,2026-08-01
RC00322,Colombo Gateway,community,3220,7,Sri Lanka,Western Province,Colombo,6.904568,79.855908,2009-07-01,Colombo Community Hall,Sunday,,colombo-gateway@example.org,,,,,,"A community-based Rotaract club serving Colombo, Sri Lanka.",2026-08-01
RC00323,BITS Colombo,university,3220,7,Sri Lanka,Western Province,Colombo,,,2021-07-01,Colombo Community Hall,Friday,18:30,bits-colombo@example.org,,,,,,,2026-08-01
RC00324,Colombo Lakeview,community,3220,7,Sri Lanka,Western Province,Colombo,6.931722,79.877875,2018-07-01,,Sunday,,,,https://instagram.com/colombolakeview,https://facebook.com/colombo-lakeview,,,,2026-08-01
RC00325,Manipal Academy Colombo 22,university,3220,7,Sri Lanka,Western Province,Colombo,6.911799,79.888585,2014-07-01,Colombo Community Hall,,17:00,manipal-academy-colombo-@example.org,,https://instagram.com/manipalacademycolombo,https://facebook.com/manipal-academy-colombo-,,,,2026-08-01
RC00326,Kandy,community,3220,7,Sri Lanka,Central Province,Kandy,7.315659,80.612415,2020-07-01,,Friday,,,,,https://facebook.com/kandy,https://linkedin.com/company/kandy,,"A community-based Rotaract club serving Kandy, Sri Lanka.",2026-08-01
RC00327,NIT Kandy,university,3220,7,Sri Lanka,Central Province,Kandy,7.323033,80.609992,2022-07-01,,Sunday,19:00,nit-kandy@example.org,https://example.org/nit-kandy,https://instagram.com/nitkandy,https://facebook.com/nit-kandy,,https://youtube.com/@nitkandy,"A university-based Rotaract club serving Kandy, Sri Lanka.",2026-08-01
RC00328,Jawaharlal Nehru University Kandy,university,3220,7,Sri Lanka,Central Province,Kandy,7.30966,80.65074,,,Saturday,19:00,jawaharlal-nehru-univers@example.org,,,,,,"A university-based Rotaract club serving Kandy, Sri Lanka.",2026-08-01
RC00329,University of Colombo Kandy,university,3220,7,Sri Lanka,Central Province,Kandy,7.265646,80.658408,2017-07-01,,Wednesday,17:00,university-of-colombo-ka@example.org,,,,,,"A university-based Rotaract club serving Kandy, Sri Lanka.",2026-08-01
RC00330,Kandy Phoenix,community,3220,7,Sri Lanka,Central Province,Kandy,7.283225,80.658508,2007-07-01,,Friday,,kandy-phoenix@example.org,https://example.org/kandy-phoenix,,https://facebook.com/kandy-phoenix,,,,2026-08-01
RC00331,Kandy Riverside,community,3220,7,Sri Lanka,Central Province,Kandy,7.298068,80.64433,2012-07-01,,Saturday,19:00,,,https://instagram.com/kandyriverside,https://facebook.com/kandy-riverside,,,"A community-based Rotaract club serving Kandy, Sri Lanka.",2026-08-01
RC00332,Kandy Horizon,community,3220,7,Sri Lanka,Central Province,Kandy,7.26638,80.65026,2010-07-01,,,18:30,kandy-horizon@example.org,,,,,,,2026-08-01
RC00333,NUST Kandy,university,3220,7,Sri Lanka,Central Province,Kandy,7.328209,80.670628,2024-07-01,,Sunday,,nust-kandy@example.org,,,,,,"A university-based Rotaract club serving Kandy, Sri Lanka.",2026-08-01
RC00334,Kandy Phoenix 9,community,3220,7,Sri Lanka,Central Province,Kandy,7.288276,80.64093,,Kandy Community Hall,,,kandy-phoenix-9@example.org,,,,,,"A community-based Rotaract club serving Kandy, Sri Lanka.",2026-08-01
RC00335,St. Joseph's College Kandy,university,3220,7,Sri Lanka,Central Province,Kandy,7.306523,80.594482,2008-07-01,Kandy Community Hall,,,st-joseph-s-college-kand@example.org,,,,https://linkedin.com/company/st-joseph-s-college-kand,,,2026-08-01
RC00336,University of Colombo Kathmandu,university,3292,8,Nepal,Bagmati,Kathmandu,27.754015,85.317646,,Kathmandu Community Hall,Friday,17:00,university-of-colombo-ka@example.org,,,,,,,2026-08-01
RC00337,IIT Kathmandu,university,3292,8,Nepal,Bagmati,Kathmandu,27.720163,85.317749,2007-07-01,Kathmandu Community Hall,,17:00,iit-kathmandu@example.org,,https://instagram.com/iitkathmandu,,,,,2026-08-01
RC00338,Kathmandu Lakeview,community,3292,8,Nepal,Bagmati,Kathmandu,27.695587,85.349555,2012-07-01,Kathmandu Community Hall,,18:30,kathmandu-lakeview@example.org,,https://instagram.com/kathmandulakeview,,,,"A community-based Rotaract club serving Kathmandu, Nepal.",2026-08-01
RC00339,University of Dhaka Kathmandu,university,3292,8,Nepal,Bagmati,Kathmandu,27.720782,85.349274,2009-07-01,Kathmandu Community Hall,Wednesday,18:30,,,https://instagram.com/universityofdhakakath,,,,"A university-based Rotaract club serving Kathmandu, Nepal.",2026-08-01
RC00340,Kathmandu Heritage,community,3292,8,Nepal,Bagmati,Kathmandu,27.751037,85.310929,2023-07-01,Kathmandu Community Hall,,,kathmandu-heritage@example.org,https://example.org/kathmandu-heritage,https://instagram.com/kathmanduheritage,,,,"A community-based Rotaract club serving Kathmandu, Nepal.",2026-08-01
RC00341,University of Colombo Kathmandu 6,university,3292,8,Nepal,Bagmati,Kathmandu,27.725925,85.304823,2017-07-01,,,,university-of-colombo-ka@example.org,https://example.org/university-of-colombo-ka,https://instagram.com/universityofcolomboka,https://facebook.com/university-of-colombo-ka,,,,2026-08-01
RC00342,Kathmandu Crescent,community,3292,8,Nepal,Bagmati,Kathmandu,27.691295,85.319905,,Kathmandu Community Hall,Friday,,,,,https://facebook.com/kathmandu-crescent,,,"A community-based Rotaract club serving Kathmandu, Nepal.",2026-08-01
RC00343,Kathmandu Pearl,community,3292,8,Nepal,Bagmati,Kathmandu,27.700705,85.344645,2019-07-01,Kathmandu Community Hall,Saturday,18:30,kathmandu-pearl@example.org,,https://instagram.com/kathmandupearl,https://facebook.com/kathmandu-pearl,,,"A community-based Rotaract club serving Kathmandu, Nepal.",2026-08-01
RC00344,Kathmandu Capitol,community,3292,8,Nepal,Bagmati,Kathmandu,27.696315,85.331588,2022-07-01,,Friday,,kathmandu-capitol@example.org,,https://instagram.com/kathmanducapitol,https://facebook.com/kathmandu-capitol,,,"A community-based Rotaract club serving Kathmandu, Nepal.",2026-08-01
RC00345,Kathmandu Summit,community,3292,8,Nepal,Bagmati,Kathmandu,27.718884,85.328816,,,Wednesday,10:00,,,https://instagram.com/kathmandusummit,https://facebook.com/kathmandu-summit,,,"A community-based Rotaract club serving Kathmandu, Nepal.",2026-08-01
RC00346,NUST Kathmandu,university,3292,8,Nepal,Bagmati,Kathmandu,27.722895,85.311419,,Kathmandu Community Hall,,19:00,,,https://instagram.com/nustkathmandu,https://facebook.com/nust-kathmandu,,,"A university-based Rotaract club serving Kathmandu, Nepal.",2026-08-01
RC00347,Kathmandu Harmony,community,3292,8,Nepal,Bagmati,Kathmandu,27.735313,85.321746,2008-07-01,,Saturday,10:00,,,,,,,"A community-based Rotaract club serving Kathmandu, Nepal.",2026-08-01
RC00348,Kathmandu Central,community,3292,8,Nepal,Bagmati,Kathmandu,27.687764,85.363864,2024-07-01,,Wednesday,10:00,kathmandu-central@example.org,,,,,,"A community-based Rotaract club serving Kathmandu, Nepal.",2026-08-01
RC00349,University of Kathmandu,university,3292,8,Nepal,Bagmati,Kathmandu,27.695409,85.343475,,Kathmandu Community Hall,Saturday,10:00,university-of-kathmandu@example.org,,https://instagram.com/universityofkathmandu,,,,,2026-08-01
RC00350,Kathmandu Metropolitan,community,3292,8,Nepal,Bagmati,Kathmandu,27.755631,85.295914,2008-07-01,,Saturday,,kathmandu-metropolitan@example.org,https://example.org/kathmandu-metropolitan,https://instagram.com/kathmandumetropolitan,https://facebook.com/kathmandu-metropolitan,,,,2026-08-01
RC00351,Kathmandu Oasis,community,3292,8,Nepal,Bagmati,Kathmandu,27.750729,85.340826,,Kathmandu Community Hall,Sunday,,kathmandu-oasis@example.org,https://example.org/kathmandu-oasis,,,,,,2026-08-01
RC00352,IIT Kathmandu 17,university,3292,8,Nepal,Bagmati,Kathmandu,27.69742,85.297759,2010-07-01,Kathmandu Community Hall,,18:30,iit-kathmandu-17@example.org,,,https://facebook.com/iit-kathmandu-17,https://linkedin.com/company/iit-kathmandu-17,,"A university-based Rotaract club serving Kathmandu, Nepal.",2026-08-01
RC00353,Kathmandu Summit 18,community,3292,8,Nepal,Bagmati,Kathmandu,27.750105,85.322316,2008-07-01,,Wednesday,18:30,kathmandu-summit-18@example.org,,,,,,,2026-08-01
RC00354,Jawaharlal Nehru University Kathmandu,university,3292,8,Nepal,Bagmati,Kathmandu,27.679913,85.341848,2013-07-01,Kathmandu Community Hall,Friday,,jawaharlal-nehru-univers@example.org,https://example.org/jawaharlal-nehru-univers,https://instagram.com/jawaharlalnehruunivers,,,,"A university-based Rotaract club serving Kathmandu, Nepal.",2026-08-01
RC00355,Kathmandu Gateway,community,3292,8,Nepal,Bagmati,Kathmandu,27.751613,85.285079,2019-07-01,,Saturday,19:00,,,,https://facebook.com/kathmandu-gateway,https://linkedin.com/company/kathmandu-gateway,,"A community-based Rotaract club serving Kathmandu, Nepal.",2026-08-01
RC00356,NUST Pokhara,university,3292,8,Nepal,Gandaki,Pokhara,28.240214,84.014953,,,,,nust-pokhara@example.org,,,,,,,2026-08-01
RC00357,Christ University Pokhara,university,3292,8,Nepal,Gandaki,Pokhara,28.191156,83.997978,2024-07-01,Pokhara Community Hall,,,christ-university-pokhar@example.org,,https://instagram.com/christuniversitypokhar,https://facebook.com/christ-university-pokhar,,,"A university-based Rotaract club serving Pokhara, Nepal.",2026-08-01
RC00358,Pokhara Metropolitan,community,3292,8,Nepal,Gandaki,Pokhara,28.182313,83.993544,2010-07-01,Pokhara Community Hall,Sunday,,pokhara-metropolitan@example.org,,,https://facebook.com/pokhara-metropolitan,,,,2026-08-01
RC00359,Pokhara Phoenix,community,3292,8,Nepal,Gandaki,Pokhara,28.226585,83.952696,,,,,pokhara-phoenix@example.org,https://example.org/pokhara-phoenix,,,,,"A community-based Rotaract club serving Pokhara, Nepal.",2026-08-01
RC00360,Pokhara Harmony,community,3292,8,Nepal,Gandaki,Pokhara,28.236175,83.979794,,,Friday,17:00,pokhara-harmony@example.org,https://example.org/pokhara-harmony,,,,,,2026-08-01
RC00361,NUST Pokhara 6,university,3292,8,Nepal,Gandaki,Pokhara,28.243313,84.006118,,Pokhara Community Hall,Wednesday,10:00,nust-pokhara-6@example.org,,https://instagram.com/nustpokhara6,,,,"A university-based Rotaract club serving Pokhara, Nepal.",2026-08-01
RC00362,Pokhara Oasis,community,3292,8,Nepal,Gandaki,Pokhara,28.216936,84.000248,2016-07-01,,Wednesday,,pokhara-oasis@example.org,,https://instagram.com/pokharaoasis,,,,,2026-08-01
RC00363,University of Colombo Pokhara,university,3292,8,Nepal,Gandaki,Pokhara,,,2005-07-01,Pokhara Community Hall,,18:30,university-of-colombo-po@example.org,,,,,,"A university-based Rotaract club serving Pokhara, Nepal.",2026-08-01
RC00364,Dhaka,community,3282,9,Bangladesh,Dhaka Division,Dhaka,,,2023-07-01,,Wednesday,17:00,dhaka@example.org,,https://instagram.com/dhaka,https://facebook.com/dhaka,,,,2026-08-01
RC00365,Dhaka Gateway,community,3282,9,Bangladesh,Dhaka Division,Dhaka,23.836244,90.381916,,,,17:00,dhaka-gateway@example.org,,https://instagram.com/dhakagateway,https://facebook.com/dhaka-gateway,,,,2026-08-01
RC00366,IIT Dhaka,university,3282,9,Bangladesh,Dhaka Division,Dhaka,23.794457,90.441202,2021-07-01,,Wednesday,19:00,iit-dhaka@example.org,https://example.org/iit-dhaka,https://instagram.com/iitdhaka,,,,"A university-based Rotaract club serving Dhaka, Bangladesh.",2026-08-01
RC00367,Dhaka Horizon,community,3282,9,Bangladesh,Dhaka Division,Dhaka,23.778306,90.444137,,,Saturday,10:00,dhaka-horizon@example.org,,https://instagram.com/dhakahorizon,,,,"A community-based Rotaract club serving Dhaka, Bangladesh.",2026-08-01
RC00368,Dhaka Lakeview,community,3282,9,Bangladesh,Dhaka Division,Dhaka,23.826044,90.375717,2014-07-01,Dhaka Community Hall,Sunday,19:00,dhaka-lakeview@example.org,,,,,,"A community-based Rotaract club serving Dhaka, Bangladesh.",2026-08-01
RC00369,Dhaka Harmony,community,3282,9,Bangladesh,Dhaka Division,Dhaka,23.830681,90.444088,,,,19:00,,,,,,,,2026-08-01
RC00370,IIT Dhaka 7,university,3282,9,Bangladesh,Dhaka Division,Dhaka,23.77622,90.425132,2021-07-01,,Friday,10:00,iit-dhaka-7@example.org,https://example.org/iit-dhaka-7,https://instagram.com/iitdhaka7,,https://linkedin.com/company/iit-dhaka-7,,"A university-based Rotaract club serving Dhaka, Bangladesh.",2026-08-01
RC00371,Dhaka Phoenix,community,3282,9,Bangladesh,Dhaka Division,Dhaka,23.847328,90.394375,2009-07-01,Dhaka Community Hall,Sunday,,dhaka-phoenix@example.org,,https://instagram.com/dhakaphoenix,,,,,2026-08-01
RC00372,Dhaka Unity,community,3282,9,Bangladesh,Dhaka Division,Dhaka,23.772783,90.418018,2019-07-01,Dhaka Community Hall,Wednesday,,dhaka-unity@example.org,,,https://facebook.com/dhaka-unity,,,,2026-08-01
RC00373,Dhaka Gateway 10,community,3282,9,Bangladesh,Dhaka Division,Dhaka,23.824104,90.418698,2021-07-01,,Sunday,,dhaka-gateway-10@example.org,,,https://facebook.com/dhaka-gateway-10,,,,2026-08-01
RC00374,Dhaka Lakeview 11,community,3282,9,Bangladesh,Dhaka Division,Dhaka,23.819456,90.440819,,Dhaka Community Hall,Saturday,17:00,,https://example.org/dhaka-lakeview-11,,,https://linkedin.com/company/dhaka-lakeview-11,,,2026-08-01
RC00375,University of Dhaka,university,3282,9,Bangladesh,Dhaka Division,Dhaka,23.830679,90.44597,2019-07-01,,,17:00,university-of-dhaka@example.org,,,,,,,2026-08-01
RC00376,NIT Dhaka,university,3282,9,Bangladesh,Dhaka Division,Dhaka,23.846793,90.385332,,,,10:00,,,https://instagram.com/nitdhaka,,,,,2026-08-01
RC00377,Dhaka Pearl,community,3282,9,Bangladesh,Dhaka Division,Dhaka,23.816419,90.428441,2012-07-01,Dhaka Community Hall,,18:30,,,,https://facebook.com/dhaka-pearl,,,"A community-based Rotaract club serving Dhaka, Bangladesh.",2026-08-01
RC00378,IIT Dhaka 15,university,3282,9,Bangladesh,Dhaka Division,Dhaka,23.826838,90.398981,2005-07-01,Dhaka Community Hall,,,iit-dhaka-15@example.org,,,,,,"A university-based Rotaract club serving Dhaka, Bangladesh.",2026-08-01
RC00379,St. Joseph's College Dhaka,university,3282,9,Bangladesh,Dhaka Division,Dhaka,23.780226,90.408241,,,,17:00,,,,https://facebook.com/st-joseph-s-college-dhak,,,"A university-based Rotaract club serving Dhaka, Bangladesh.",2026-08-01
RC00380,Amrita Vishwa Vidyapeetham Dhaka,university,3282,9,Bangladesh,Dhaka Division,Dhaka,23.830936,90.378552,2010-07-01,Dhaka Community Hall,Friday,,amrita-vishwa-vidyapeeth@example.org,,https://instagram.com/amritavishwavidyapeeth,,https://linkedin.com/company/amrita-vishwa-vidyapeeth,,"A university-based Rotaract club serving Dhaka, Bangladesh.",2026-08-01
RC00381,LUMS Dhaka,university,3282,9,Bangladesh,Dhaka Division,Dhaka,,,2016-07-01,Dhaka Community Hall,Saturday,,lums-dhaka@example.org,,,,,,"A university-based Rotaract club serving Dhaka, Bangladesh.",2026-08-01
RC00382,Dhaka Harmony 19,community,3282,9,Bangladesh,Dhaka Division,Dhaka,23.79403,90.419169,2023-07-01,,,18:30,,https://example.org/dhaka-harmony-19,https://instagram.com/dhakaharmony19,,,,"A community-based Rotaract club serving Dhaka, Bangladesh.",2026-08-01
RC00383,University of Dhaka 20,university,3282,9,Bangladesh,Dhaka Division,Dhaka,23.77704,90.449563,2010-07-01,Dhaka Community Hall,Saturday,18:30,university-of-dhaka-20@example.org,,,,,,,2026-08-01
RC00384,Manipal Academy Dhaka,university,3282,9,Bangladesh,Dhaka Division,Dhaka,23.816771,90.38353,2016-07-01,Dhaka Community Hall,Friday,18:30,manipal-academy-dhaka@example.org,,,,,,,2026-08-01
RC00385,Dhaka Metropolitan,community,3282,9,Bangladesh,Dhaka Division,Dhaka,23.79068,90.438039,2020-07-01,Dhaka Community Hall,Saturday,10:00,dhaka-metropolitan@example.org,,https://instagram.com/dhakametropolitan,,,,"A community-based Rotaract club serving Dhaka, Bangladesh.",2026-08-01
RC00386,Jawaharlal Nehru University Dhaka,university,3282,9,Bangladesh,Dhaka Division,Dhaka,23.779768,90.399679,2016-07-01,Dhaka Community Hall,,10:00,jawaharlal-nehru-univers@example.org,,https://instagram.com/jawaharlalnehruunivers,,,,"A university-based Rotaract club serving Dhaka, Bangladesh.",2026-08-01
RC00387,BITS Dhaka,university,3282,9,Bangladesh,Dhaka Division,Dhaka,23.790588,90.405632,,,,,,,https://instagram.com/bitsdhaka,https://facebook.com/bits-dhaka,,,,2026-08-01
RC00388,Chittagong,community,3282,9,Bangladesh,Chittagong Division,Chittagong,22.379765,91.762209,2011-07-01,,Wednesday,10:00,chittagong@example.org,,https://instagram.com/chittagong,https://facebook.com/chittagong,https://linkedin.com/company/chittagong,,,2026-08-01
RC00389,Manipal Academy Chittagong,university,3282,9,Bangladesh,Chittagong Division,Chittagong,22.3541,91.758304,2021-07-01,,Sunday,17:00,,,https://instagram.com/manipalacademychittago,,,,,2026-08-01
RC00390,Chittagong Garden City,community,3282,9,Bangladesh,Chittagong Division,Chittagong,22.354128,91.775208,2010-07-01,,Saturday,,chittagong-garden-city@example.org,,https://instagram.com/chittagonggardencity,https://facebook.com/chittagong-garden-city,,https://youtube.com/@chittagonggardencity,,2026-08-01
RC00391,University of Chittagong,university,3282,9,Bangladesh,Chittagong Division,Chittagong,22.335044,91.748491,2016-07-01,,,,,https://example.org/university-of-chittagong,https://instagram.com/universityofchittagong,https://facebook.com/university-of-chittagong,,,"A university-based Rotaract club serving Chittagong, Bangladesh.",2026-08-01
RC00392,Chittagong Sunrise,community,3282,9,Bangladesh,Chittagong Division,Chittagong,22.389724,91.762811,2012-07-01,Chittagong Community Hall,,,chittagong-sunrise@example.org,,https://instagram.com/chittagongsunrise,,,,,2026-08-01
RC00393,Chittagong Horizon,community,3282,9,Bangladesh,Chittagong Division,Chittagong,22.352676,91.775857,2024-07-01,,Sunday,,chittagong-horizon@example.org,https://example.org/chittagong-horizon,,https://facebook.com/chittagong-horizon,,,"A community-based Rotaract club serving Chittagong, Bangladesh.",2026-08-01
RC00394,Chittagong Phoenix,community,3282,9,Bangladesh,Chittagong Division,Chittagong,22.353731,91.802089,,,Friday,18:30,chittagong-phoenix@example.org,,,,,,,2026-08-01
RC00395,Manipal Academy Chittagong 8,university,3282,9,Bangladesh,Chittagong Division,Chittagong,22.382661,91.777831,2014-07-01,,,18:30,manipal-academy-chittago@example.org,,https://instagram.com/manipalacademychittago,https://facebook.com/manipal-academy-chittago,https://linkedin.com/company/manipal-academy-chittago,,,2026-08-01
RC00396,Manipal Academy Chittagong 9,university,3282,9,Bangladesh,Chittagong Division,Chittagong,22.371844,91.778633,2014-07-01,Chittagong Community Hall,,,manipal-academy-chittago@example.org,,https://instagram.com/manipalacademychittago,,,,,2026-08-01
RC00397,Jawaharlal Nehru University Chittagong,university,3282,9,Bangladesh,Chittagong Division,Chittagong,22.383338,91.77276,2009-07-01,Chittagong Community Hall,,18:30,jawaharlal-nehru-univers@example.org,,https://instagram.com/jawaharlalnehruunivers,,https://linkedin.com/company/jawaharlal-nehru-univers,,,2026-08-01
RC00398,Amrita Vishwa Vidyapeetham Karachi,university,3271,10,Pakistan,Sindh,Karachi,24.87913,67.036824,2016-07-01,Karachi Community Hall,,17:00,amrita-vishwa-vidyapeeth@example.org,,https://instagram.com/amritavishwavidyapeeth,,,,,2026-08-01
RC00399,Karachi Phoenix,community,3271,10,Pakistan,Sindh,Karachi,24.849877,66.966244,,,Friday,,karachi-phoenix@example.org,https://example.org/karachi-phoenix,,,,https://youtube.com/@karachiphoenix,"A community-based Rotaract club serving Karachi, Pakistan.",2026-08-01
RC00400,LUMS Karachi,university,3271,10,Pakistan,Sindh,Karachi,24.885719,66.980571,,Karachi Community Hall,,10:00,lums-karachi@example.org,https://example.org/lums-karachi,https://instagram.com/lumskarachi,,,,"A university-based Rotaract club serving Karachi, Pakistan.",2026-08-01
RC00401,Karachi Lakeview,community,3271,10,Pakistan,Sindh,Karachi,24.830704,66.973411,,Karachi Community Hall,Wednesday,18:30,,https://example.org/karachi-lakeview,,,,https://youtube.com/@karachilakeview,,2026-08-01
RC00402,Karachi Oasis,community,3271,10,Pakistan,Sindh,Karachi,24.895318,66.998441,2020-07-01,,Friday,,karachi-oasis@example.org,,,https://facebook.com/karachi-oasis,https://linkedin.com/company/karachi-oasis,,,2026-08-01
RC00403,LUMS Karachi 6,university,3271,10,Pakistan,Sindh,Karachi,24.878262,66.964945,2020-07-01,,Wednesday,,,,,,,,,2026-08-01
RC00404,NUST Karachi,university,3271,10,Pakistan,Sindh,Karachi,24.822224,67.014378,2024-07-01,Karachi Community Hall,Friday,,nust-karachi@example.org,,https://instagram.com/nustkarachi,,,https://youtube.com/@nustkarachi,,2026-08-01
RC00405,BITS Karachi,university,3271,10,Pakistan,Sindh,Karachi,24.883646,66.962289,2008-07-01,Karachi Community Hall,Wednesday,19:00,bits-karachi@example.org,,,,,,,2026-08-01
RC00406,Manipal Academy Karachi,university,3271,10,Pakistan,Sindh,Karachi,24.894742,67.037221,2019-07-01,Karachi Community Hall,,,manipal-academy-karachi@example.org,,,https://facebook.com/manipal-academy-karachi,https://linkedin.com/company/manipal-academy-karachi,,"A university-based Rotaract club serving Karachi, Pakistan.",2026-08-01
RC00407,Karachi Riverside,community,3271,10,Pakistan,Sindh,Karachi,24.890767,66.975249,2010-07-01,Karachi Community Hall,,10:00,karachi-riverside@example.org,,https://instagram.com/karachiriverside,https://facebook.com/karachi-riverside,https://linkedin.com/company/karachi-riverside,,"A community-based Rotaract club serving Karachi, Pakistan.",2026-08-01
RC00408,NUST Karachi 11,university,3271,10,Pakistan,Sindh,Karachi,24.824635,67.02228,,,Saturday,,,,,,,,,2026-08-01
RC00409,Karachi Heritage,community,3271,10,Pakistan,Sindh,Karachi,24.885592,67.022555,2010-07-01,Karachi Community Hall,Wednesday,,karachi-heritage@example.org,,https://instagram.com/karachiheritage,,,,"A community-based Rotaract club serving Karachi, Pakistan.",2026-08-01
RC00410,Karachi Horizon,community,3271,10,Pakistan,Sindh,Karachi,24.866162,66.994116,2024-07-01,,Saturday,18:30,,,https://instagram.com/karachihorizon,,,,"A community-based Rotaract club serving Karachi, Pakistan.",2026-08-01
RC00411,Manipal Academy Karachi 14,university,3271,10,Pakistan,Sindh,Karachi,24.876637,66.995355,,,Saturday,19:00,manipal-academy-karachi-@example.org,,,,,,,2026-08-01
RC00412,Karachi Metropolitan,community,3271,10,Pakistan,Sindh,Karachi,24.893982,66.973931,2009-07-01,Karachi Community Hall,Saturday,,karachi-metropolitan@example.org,,,https://facebook.com/karachi-metropolitan,,,,2026-08-01
RC00413,Manipal Academy Karachi 16,university,3271,10,Pakistan,Sindh,Karachi,24.844184,67.039719,,Karachi Community Hall,Wednesday,17:00,,https://example.org/manipal-academy-karachi-,,https://facebook.com/manipal-academy-karachi-,,,,2026-08-01
RC00414,Karachi Central,community,3271,10,Pakistan,Sindh,Karachi,24.822397,66.983822,,Karachi Community Hall,Sunday,17:00,karachi-central@example.org,https://example.org/karachi-central,https://instagram.com/karachicentral,,https://linkedin.com/company/karachi-central,,,2026-08-01
RC00415,Karachi Summit,community,3271,10,Pakistan,Sindh,Karachi,24.899501,66.976607,2019-07-01,Karachi Community Hall,Wednesday,18:30,karachi-summit@example.org,,,,,,"A community-based Rotaract club serving Karachi, Pakistan.",2026-08-01
RC00416,Lahore,community,3272,10,Pakistan,Punjab,Lahore,31.53261,74.380005,2006-07-01,Lahore Community Hall,Friday,,lahore@example.org,https://example.org/lahore,https://instagram.com/lahore,https://facebook.com/lahore,,,"A community-based Rotaract club serving Lahore, Pakistan.",2026-08-01
RC00417,Lahore Unity,community,3272,10,Pakistan,Punjab,Lahore,31.565759,74.33435,2017-07-01,Lahore Community Hall,,,,,https://instagram.com/lahoreunity,,,,,2026-08-01
RC00418,Lahore Beacon,community,3272,10,Pakistan,Punjab,Lahore,31.570673,74.320495,2012-07-01,,Friday,17:00,lahore-beacon@example.org,,https://instagram.com/lahorebeacon,,,,,2026-08-01
RC00419,Lahore Harmony,community,3272,10,Pakistan,Punjab,Lahore,31.550462,74.342802,,Lahore Community Hall,Wednesday,17:00,lahore-harmony@example.org,https://example.org/lahore-harmony,,https://facebook.com/lahore-harmony,,,,2026-08-01
RC00420,Lahore Horizon,community,3272,10,Pakistan,Punjab,Lahore,31.520873,74.332784,2024-07-01,,Wednesday,17:00,lahore-horizon@example.org,,https://instagram.com/lahorehorizon,https://facebook.com/lahore-horizon,,,,2026-08-01
RC00421,Amrita Vishwa Vidyapeetham Lahore,university,3272,10,Pakistan,Punjab,Lahore,31.533947,74.308488,2018-07-01,,Sunday,10:00,amrita-vishwa-vidyapeeth@example.org,https://example.org/amrita-vishwa-vidyapeeth,https://instagram.com/amritavishwavidyapeeth,,,,"A university-based Rotaract club serving Lahore, Pakistan.",2026-08-01
RC00422,Lahore Capitol,community,3272,10,Pakistan,Punjab,Lahore,31.517601,74.355704,2005-07-01,,Sunday,10:00,lahore-capitol@example.org,,,,,,,2026-08-01
RC00423,Lahore Riverside,community,3272,10,Pakistan,Punjab,Lahore,31.520818,74.35935,,Lahore Community Hall,Wednesday,18:30,lahore-riverside@example.org,,https://instagram.com/lahoreriverside,https://facebook.com/lahore-riverside,,,,2026-08-01
RC00424,Lahore Summit,community,3272,10,Pakistan,Punjab,Lahore,31.587883,74.303687,,Lahore Community Hall,,,lahore-summit@example.org,,https://instagram.com/lahoresummit,,,https://youtube.com/@lahoresummit,"A community-based Rotaract club serving Lahore, Pakistan.",2026-08-01
RC00425,University of Dhaka Lahore,university,3272,10,Pakistan,Punjab,Lahore,31.530812,74.361327,2009-07-01,Lahore Community Hall,Wednesday,,university-of-dhaka-laho@example.org,https://example.org/university-of-dhaka-laho,,https://facebook.com/university-of-dhaka-laho,,,,2026-08-01
RC00426,Jawaharlal Nehru University Lahore,university,3272,10,Pakistan,Punjab,Lahore,31.510069,74.321118,2019-07-01,,,19:00,,,,https://facebook.com/jawaharlal-nehru-univers,,,"A university-based Rotaract club serving Lahore, Pakistan.",2026-08-01
RC00427,Jawaharlal Nehru University Lahore 12,university,3272,10,Pakistan,Punjab,Lahore,31.539308,74.367673,2015-07-01,Lahore Community Hall,Sunday,18:30,jawaharlal-nehru-univers@example.org,,,,,,,2026-08-01
RC00428,Lahore Beacon 13,community,3272,10,Pakistan,Punjab,Lahore,31.546334,74.321197,2016-07-01,,,17:00,lahore-beacon-13@example.org,,https://instagram.com/lahorebeacon13,https://facebook.com/lahore-beacon-13,,,,2026-08-01
RC00429,Lahore Heritage,community,3272,10,Pakistan,Punjab,Lahore,,,,Lahore Community Hall,,10:00,lahore-heritage@example.org,https://example.org/lahore-heritage,,https://facebook.com/lahore-heritage,,,,2026-08-01
RC00430,NUST Lahore,university,3272,10,Pakistan,Punjab,Lahore,31.535482,74.357335,2019-07-01,,Friday,,,,,https://facebook.com/nust-lahore,,,,2026-08-01
RC00431,Lahore Heritage 16,community,3272,10,Pakistan,Punjab,Lahore,31.520373,74.319223,2019-07-01,Lahore Community Hall,,,lahore-heritage-16@example.org,,,https://facebook.com/lahore-heritage-16,,,"A community-based Rotaract club serving Lahore, Pakistan.",2026-08-01
RC00432,Christ University Islamabad,university,3272,10,Pakistan,Islamabad Capital Territory,Islamabad,33.673444,73.0141,2007-07-01,Islamabad Community Hall,Wednesday,,christ-university-islama@example.org,,,https://facebook.com/christ-university-islama,,,,2026-08-01
RC00433,Jawaharlal Nehru University Islamabad,university,3272,10,Pakistan,Islamabad Capital Territory,Islamabad,33.718031,73.052522,2010-07-01,Islamabad Community Hall,,18:30,jawaharlal-nehru-univers@example.org,,https://instagram.com/jawaharlalnehruunivers,,,,,2026-08-01
RC00434,Islamabad Heritage,community,3272,10,Pakistan,Islamabad Capital Territory,Islamabad,33.716449,73.016081,,,Wednesday,,islamabad-heritage@example.org,,,,https://linkedin.com/company/islamabad-heritage,,,2026-08-01
RC00435,University of Colombo Islamabad,university,3272,10,Pakistan,Islamabad Capital Territory,Islamabad,33.662783,73.074747,,Islamabad Community Hall,Wednesday,19:00,,https://example.org/university-of-colombo-is,,https://facebook.com/university-of-colombo-is,,,,2026-08-01
RC00436,University of Islamabad,university,3272,10,Pakistan,Islamabad Capital Territory,Islamabad,33.673689,73.019403,,,Friday,18:30,university-of-islamabad@example.org,,,,,,,2026-08-01
RC00437,Islamabad Heritage 6,community,3272,10,Pakistan,Islamabad Capital Territory,Islamabad,33.71332,73.038155,2008-07-01,Islamabad Community Hall,Saturday,10:00,islamabad-heritage-6@example.org,,,https://facebook.com/islamabad-heritage-6,,,,2026-08-01
RC00438,NUST Islamabad,university,3272,10,Pakistan,Islamabad Capital Territory,Islamabad,33.701177,73.041084,2015-07-01,,,17:00,,,,https://facebook.com/nust-islamabad,,,,2026-08-01
RC00439,NUST Islamabad 8,university,3272,10,Pakistan,Islamabad Capital Territory,Islamabad,33.707022,73.062808,2015-07-01,Islamabad Community Hall,,17:00,nust-islamabad-8@example.org,,https://instagram.com/nustislamabad8,,,,"A university-based Rotaract club serving Islamabad, Pakistan.",2026-08-01
RC00440,Islamabad Beacon,community,3272,10,Pakistan,Islamabad Capital Territory,Islamabad,33.670764,73.042455,2011-07-01,,,10:00,islamabad-beacon@example.org,https://example.org/islamabad-beacon,,https://facebook.com/islamabad-beacon,,,"A community-based Rotaract club serving Islamabad, Pakistan.",2026-08-01
RC00441,Islamabad Heritage 10,community,3272,10,Pakistan,Islamabad Capital Territory,Islamabad,33.687086,73.065489,,,Sunday,18:30,,,,,,https://youtube.com/@islamabadheritage10,,2026-08-01
RC00442,Jawaharlal Nehru University Thimphu,university,3290,8,Bhutan,Thimphu,Thimphu,27.490862,89.652806,2019-07-01,,Friday,,jawaharlal-nehru-univers@example.org,,,,,,"A university-based Rotaract club serving Thimphu, Bhutan.",2026-08-01
RC00443,Amrita Vishwa Vidyapeetham Thimphu,university,3290,8,Bhutan,Thimphu,Thimphu,27.490762,89.604909,2014-07-01,Thimphu Community Hall,Saturday,19:00,amrita-vishwa-vidyapeeth@example.org,,,https://facebook.com/amrita-vishwa-vidyapeeth,,,,2026-08-01
RC00444,Thimphu Central,community,3290,8,Bhutan,Thimphu,Thimphu,27.504757,89.671826,,,Sunday,,,,,,,,,2026-08-01
RC00445,Thimphu Metropolitan,community,3290,8,Bhutan,Thimphu,Thimphu,27.444653,89.650607,2010-07-01,,Saturday,17:00,thimphu-metropolitan@example.org,,,,,,,2026-08-01
RC00446,Amrita Vishwa Vidyapeetham Malé,university,3220,7,Maldives,Kaafu Atoll,Malé,4.166018,73.492682,,,Sunday,,,https://example.org/amrita-vishwa-vidyapeeth,,https://facebook.com/amrita-vishwa-vidyapeeth,,,"A university-based Rotaract club serving Malé, Maldives.",2026-08-01
RC00447,Malé Central,community,3220,7,Maldives,Kaafu Atoll,Malé,4.136562,73.539118,2019-07-01,Malé Community Hall,,,mal-central@example.org,,,https://facebook.com/mal-central,,,"A community-based Rotaract club serving Malé, Maldives.",2026-08-01
RC00448,Malé Pearl,community,3220,7,Maldives,Kaafu Atoll,Malé,4.1729,73.519295,2018-07-01,,Saturday,,mal-pearl@example.org,,https://instagram.com/malpearl,https://facebook.com/mal-pearl,,,"A community-based Rotaract club serving Malé, Maldives.",2026-08-01
RC00449,IIT Malé,university,3220,7,Maldives,Kaafu Atoll,Malé,4.213439,73.512527,,Malé Community Hall,,,iit-mal@example.org,,,,,,"A university-based Rotaract club serving Malé, Maldives.",2026-08-01
