club_id,club_name,club_type,district,zone,country,state,city,latitude,longitude,charter_date,status,meeting_location,meeting_day,meeting_time,public_email,website,instagram,facebook,linkedin,youtube,description,last_updated
RC00001,University of Colombo Bengaluru,university,3192,4,India,Karnataka,Bengaluru,12.965708,77.558421,,active,,Wednesday,18:30,university-of-colombo-be@example.org,,,,,,"A university-based Rotaract club serving Bengaluru, India.",2026-08-01
RC00002,University of Colombo Bengaluru 2,university,3192,4,India,Karnataka,Bengaluru,12.980636,77.574941,,unknown,,,17:00,university-of-colombo-be@example.org,,,,https://linkedin.com/company/university-of-colombo-be,,"A university-based Rotaract club serving Bengaluru, India.",2026-08-01
RC00003,Tribhuvan University Bengaluru,university,3192,4,India,Karnataka,Bengaluru,12.986924,77.577453,2024-07-01,unknown,,Friday,,tribhuvan-university-ben@example.org,,,,,,"A university-based Rotaract club serving Bengaluru, India.",2026-08-01
RC00004,Christ University Bengaluru,university,3192,4,India,Karnataka,Bengaluru,12.984908,77.574854,2010-07-01,unknown,Bengaluru Community Hall,,10:00,,,,,,,,2026-08-01
RC00005,Tribhuvan University Bengaluru 5,university,3192,4,India,Karnataka,Bengaluru,12.977986,77.625107,,active,,Sunday,17:00,,,https://instagram.com/tribhuvanuniversityben,https://facebook.com/tribhuvan-university-ben,,,,2026-08-01
RC00006,Bengaluru Central,community,3192,4,India,Karnataka,Bengaluru,12.996176,77.630134,2020-07-01,active,Bengaluru Community Hall,Wednesday,,,,https://instagram.com/bengalurucentral,,,,"A community-based Rotaract club serving Bengaluru, India.",2026-08-01
RC00007,Bengaluru Central 7,community,3192,4,India,Karnataka,Bengaluru,12.965659,77.557401,,active,Bengaluru Community Hall,Saturday,,bengaluru-central-7@example.org,,https://instagram.com/bengalurucentral7,https://facebook.com/bengaluru-central-7,,,"A community-based Rotaract club serving Bengaluru, India.",2026-08-01
RC00008,Bengaluru Sunrise,community,3192,4,India,Karnataka,Bengaluru,12.984932,77.562711,2008-07-01,active,,,19:00,bengaluru-sunrise@example.org,,,https://facebook.com/bengaluru-sunrise,,,"A community-based Rotaract club serving Bengaluru, India.",2026-08-01
RC00009,Bengaluru Sunrise 9,community,3192,4,India,Karnataka,Bengaluru,,,2018-07-01,inactive,,,10:00,bengaluru-sunrise-9@example.org,,https://instagram.com/bengalurusunrise9,https://facebook.com/bengaluru-sunrise-9,,,,2026-08-01
RC00010,NUST Bengaluru,university,3192,4,India,Karnataka,Bengaluru,12.951531,77.607159,,active,Bengaluru Community Hall,Saturday,,nust-bengaluru@example.org,https://example.org/nust-bengaluru,https://instagram.com/nustbengaluru,https://facebook.com/nust-bengaluru,,,"A university-based Rotaract club serving Bengaluru, India.",2026-08-01
RC00011,Bengaluru Downtown,community,3192,4,India,Karnataka,Bengaluru,12.987124,77.562586,2022-07-01,inactive,,Sunday,18:30,,,https://instagram.com/bengalurudowntown,,,,,2026-08-01
RC00012,Bengaluru Central 12,community,3192,4,India,Karnataka,Bengaluru,12.965309,77.567506,2018-07-01,active,Bengaluru Community Hall,Sunday,17:00,,,https://instagram.com/bengalurucentral12,,,,,2026-08-01
RC00013,Jawaharlal Nehru University Bengaluru,university,3192,4,India,Karnataka,Bengaluru,13.00852,77.562081,2014-07-01,unknown,Bengaluru Community Hall,Friday,,jawaharlal-nehru-univers@example.org,,https://instagram.com/jawaharlalnehruunivers,,,,,2026-08-01
RC00014,Bengaluru Metropolitan,community,3192,4,India,Karnataka,Bengaluru,12.989214,77.625082,2017-07-01,active,Bengaluru Community Hall,,,bengaluru-metropolitan@example.org,https://example.org/bengaluru-metropolitan,,,,,,2026-08-01
RC00015,LUMS Bengaluru,university,3192,4,India,Karnataka,Bengaluru,12.934512,77.583068,2023-07-01,active,Bengaluru Community Hall,Wednesday,,lums-bengaluru@example.org,,https://instagram.com/lumsbengaluru,,,,,2026-08-01
RC00016,Bengaluru Summit,community,3192,4,India,Karnataka,Bengaluru,12.958877,77.624755,2024-07-01,active,,Saturday,10:00,bengaluru-summit@example.org,,https://instagram.com/bengalurusummit,,,,,2026-08-01
RC00017,Bengaluru Oasis,community,3192,4,India,Karnataka,Bengaluru,12.937473,77.580669,,inactive,Bengaluru Community Hall,,18:30,bengaluru-oasis@example.org,,https://instagram.com/bengaluruoasis,,,,"A community-based Rotaract club serving Bengaluru, India.",2026-08-01
RC00018,Manipal Academy Bengaluru,university,3192,4,India,Karnataka,Bengaluru,12.931742,77.58809,2024-07-01,active,Bengaluru Community Hall,,17:00,,,,,,,"A university-based Rotaract club serving Bengaluru, India.",2026-08-01
RC00019,University of Dhaka Bengaluru,university,3192,4,India,Karnataka,Bengaluru,12.971751,77.59309,2014-07-01,active,Bengaluru Community Hall,,18:30,,,,,,,"A university-based Rotaract club serving Bengaluru, India.",2026-08-01
RC00020,Jawaharlal Nehru University Bengaluru 20,university,3192,4,India,Karnataka,Bengaluru,13.000699,77.588957,,active,,Friday,18:30,jawaharlal-nehru-univers@example.org,,https://instagram.com/jawaharlalnehruunivers,,https://linkedin.com/company/jawaharlal-nehru-univers,,,2026-08-01
RC00021,Bengaluru Crescent,community,3192,4,India,Karnataka,Bengaluru,12.956066,77.582064,,unknown,,Sunday,,bengaluru-crescent@example.org,,,,,,,2026-08-01
RC00022,Bengaluru Sunrise 22,community,3192,4,India,Karnataka,Bengaluru,,,,unknown,Bengaluru Community Hall,,,,https://example.org/bengaluru-sunrise-22,,,https://linkedin.com/company/bengaluru-sunrise-22,,"A community-based Rotaract club serving Bengaluru, India.",2026-08-01
RC00023,University of Bengaluru,university,3192,4,India,Karnataka,Bengaluru,12.95618,77.604525,2017-07-01,active,Bengaluru Community Hall,Saturday,,university-of-bengaluru@example.org,,https://instagram.com/universityofbengaluru,https://facebook.com/university-of-bengaluru,,,,2026-08-01
RC00024,Tribhuvan University Bengaluru 24,university,3192,4,India,Karnataka,Bengaluru,12.998462,77.590166,2007-07-01,inactive,,,,,,,https://facebook.com/tribhuvan-university-ben,,,,2026-08-01
RC00025,Bengaluru Central 25,community,3192,4,India,Karnataka,Bengaluru,12.950388,77.605117,,active,,,19:00,,,,https://facebook.com/bengaluru-central-25,,,"A community-based Rotaract club serving Bengaluru, India.",2026-08-01
RC00026,Bengaluru Unity,community,3192,4,India,Karnataka,Bengaluru,13.001169,77.631115,,active,Bengaluru Community Hall,Friday,,bengaluru-unity@example.org,https://example.org/bengaluru-unity,,,,,,2026-08-01
RC00027,St. Joseph's College Bengaluru,university,3192,4,India,Karnataka,Bengaluru,13.005046,77.634114,2018-07-01,active,Bengaluru Community Hall,Friday,10:00,,https://example.org/st-joseph-s-college-beng,https://instagram.com/stjosephscollegebeng,,,,"A university-based Rotaract club serving Bengaluru, India.",2026-08-01
RC00028,Bengaluru Summit 28,community,3192,4,India,Karnataka,Bengaluru,12.959351,77.617167,2014-07-01,active,Bengaluru Community Hall,,,bengaluru-summit-28@example.org,https://example.org/bengaluru-summit-28,https://instagram.com/bengalurusummit28,,,,,2026-08-01
RC00029,Bengaluru Oasis 29,community,3192,4,India,Karnataka,Bengaluru,12.938643,77.579058,2006-07-01,active,,Sunday,10:00,bengaluru-oasis-29@example.org,https://example.org/bengaluru-oasis-29,https://instagram.com/bengaluruoasis29,https://facebook.com/bengaluru-oasis-29,,,"A community-based Rotaract club serving Bengaluru, India.",2026-08-01
RC00030,Presidency College Bengaluru,university,3192,4,India,Karnataka,Bengaluru,13.003553,77.615608,2006-07-01,unknown,Bengaluru Community Hall,Friday,,presidency-college-benga@example.org,,,,,,"A university-based Rotaract club serving Bengaluru, India.",2026-08-01
RC00031,University of Dhaka Bengaluru 31,university,3192,4,India,Karnataka,Bengaluru,,,2022-07-01,active,,Friday,17:00,university-of-dhaka-beng@example.org,,,,,,,2026-08-01
RC00032,Bengaluru Pearl,community,3192,4,India,Karnataka,Bengaluru,12.945757,77.57835,,active,,,,bengaluru-pearl@example.org,,,https://facebook.com/bengaluru-pearl,,,,2026-08-01
RC00033,Bengaluru Riverside,community,3192,4,India,Karnataka,Bengaluru,12.998861,77.59526,2006-07-01,active,Bengaluru Community Hall,Sunday,17:00,,https://example.org/bengaluru-riverside,https://instagram.com/bengalururiverside,https://facebook.com/bengaluru-riverside,,https://youtube.com/@bengalururiverside,"A community-based Rotaract club serving Bengaluru, India.",2026-08-01
RC00034,Bengaluru Central 34,community,3192,4,India,Karnataka,Bengaluru,12.994613,77.626534,2020-07-01,active,Bengaluru Community Hall,,,bengaluru-central-34@example.org,https://example.org/bengaluru-central-34,https://instagram.com/bengalurucentral34,,,https://youtube.com/@bengalurucentral34,"A community-based Rotaract club serving Bengaluru, India.",2026-08-01
RC00035,Bengaluru Crescent 35,community,3192,4,India,Karnataka,Bengaluru,12.962157,77.591631,2017-07-01,active,Bengaluru Community Hall,Sunday,18:30,,,,https://facebook.com/bengaluru-crescent-35,https://linkedin.com/company/bengaluru-crescent-35,,,2026-08-01
RC00036,Bengaluru Summit 36,community,3192,4,India,Karnataka,Bengaluru,12.977239,77.633457,2020-07-01,inactive,Bengaluru Community Hall,Sunday,19:00,bengaluru-summit-36@example.org,,,,,,"A community-based Rotaract club serving Bengaluru, India.",2026-08-01
RC00037,Bengaluru Sunrise 37,community,3192,4,India,Karnataka,Bengaluru,13.006364,77.565623,2007-07-01,active,Bengaluru Community Hall,Friday,18:30,bengaluru-sunrise-37@example.org,https://example.org/bengaluru-sunrise-37,,,https://linkedin.com/company/bengaluru-sunrise-37,,"A community-based Rotaract club serving Bengaluru, India.",2026-08-01
RC00038,Bengaluru Central 38,community,3192,4,India,Karnataka,Bengaluru,12.981217,77.585611,2024-07-01,active,Bengaluru Community Hall,Sunday,,bengaluru-central-38@example.org,https://example.org/bengaluru-central-38,https://instagram.com/bengalurucentral38,https://facebook.com/bengaluru-central-38,,,,2026-08-01
RC00039,NUST Bengaluru 39,university,3192,4,India,Karnataka,Bengaluru,12.96575,77.588678,,active,Bengaluru Community Hall,Wednesday,17:00,nust-bengaluru-39@example.org,,https://instagram.com/nustbengaluru39,,,,,2026-08-01
RC00040,Bengaluru Lakeview,community,3192,4,India,Karnataka,Bengaluru,12.956019,77.570598,2012-07-01,active,,,,bengaluru-lakeview@example.org,,,,,,,2026-08-01
RC00041,Presidency College Bengaluru 41,university,3192,4,India,Karnataka,Bengaluru,12.950268,77.619812,,unknown,,,,presidency-college-benga@example.org,,https://instagram.com/presidencycollegebenga,,,,"A university-based Rotaract club serving Bengaluru, India.",2026-08-01
RC00042,Amrita Vishwa Vidyapeetham Bengaluru,university,3192,4,India,Karnataka,Bengaluru,12.978843,77.606672,2019-07-01,active,,,18:30,,https://example.org/amrita-vishwa-vidyapeeth,,https://facebook.com/amrita-vishwa-vidyapeeth,,,,2026-08-01
RC00043,Christ University Bengaluru 43,university,3192,4,India,Karnataka,Bengaluru,12.984029,77.604535,,active,,,17:00,christ-university-bengal@example.org,https://example.org/christ-university-bengal,,,https://linkedin.com/company/christ-university-bengal,,,2026-08-01
RC00044,Bengaluru Pearl 44,community,3192,4,India,Karnataka,Bengaluru,13.004194,77.5972,,active,Bengaluru Community Hall,Saturday,,bengaluru-pearl-44@example.org,,https://instagram.com/bengalurupearl44,,,https://youtube.com/@bengalurupearl44,"A community-based Rotaract club serving Bengaluru, India.",2026-08-01
RC00045,Bengaluru Crescent 45,community,3192,4,India,Karnataka,Bengaluru,12.990614,77.617505,,unknown,Bengaluru Community Hall,Saturday,,,,,,,,"A community-based Rotaract club serving Bengaluru, India.",2026-08-01
RC00046,Mumbai,community,3141,3,India,Maharashtra,Mumbai,19.054583,72.869413,2010-07-01,active,Mumbai Community Hall,,,mumbai@example.org,,,,,,,2026-08-01
RC00047,NIT Mumbai,university,3141,3,India,Maharashtra,Mumbai,19.063809,72.896301,2006-07-01,active,Mumbai Community Hall,Sunday,,nit-mumbai@example.org,,,https://facebook.com/nit-mumbai,,,,2026-08-01
RC00048,University of Colombo Mumbai,university,3141,3,India,Maharashtra,Mumbai,19.113819,72.890664,,inactive,,Friday,18:30,university-of-colombo-mu@example.org,,,,,,,2026-08-01
RC00049,Mumbai Capitol,community,3141,3,India,Maharashtra,Mumbai,19.06854,72.840689,2024-07-01,active,Mumbai Community Hall,Saturday,,mumbai-capitol@example.org,,,,https://linkedin.com/company/mumbai-capitol,,"A community-based Rotaract club serving Mumbai, India.",2026-08-01
RC00050,Mumbai Oasis,community,3141,3,India,Maharashtra,Mumbai,19.07066,72.83792,,active,Mumbai Community Hall,,19:00,,https://example.org/mumbai-oasis,,https://facebook.com/mumbai-oasis,https://linkedin.com/company/mumbai-oasis,,,2026-08-01
RC00051,Mumbai Beacon,community,3141,3,India,Maharashtra,Mumbai,19.062081,72.876458,,active,,Wednesday,18:30,mumbai-beacon@example.org,,https://instagram.com/mumbaibeacon,,,,"A community-based Rotaract club serving Mumbai, India.",2026-08-01
RC00052,Mumbai Crescent,community,3141,3,India,Maharashtra,Mumbai,19.080823,72.856029,2005-07-01,active,Mumbai Community Hall,Sunday,18:30,mumbai-crescent@example.org,,https://instagram.com/mumbaicrescent,https://facebook.com/mumbai-crescent,,,,2026-08-01
RC00053,Mumbai Garden City,community,3141,3,India,Maharashtra,Mumbai,,,,active,,Sunday,,,https://example.org/mumbai-garden-city,,,,https://youtube.com/@mumbaigardencity,"A community-based Rotaract club serving Mumbai, India.",2026-08-01
RC00054,Manipal Academy Mumbai,university,3141,3,India,Maharashtra,Mumbai,19.06958,72.904269,2007-07-01,unknown,,Saturday,17:00,manipal-academy-mumbai@example.org,,,https://facebook.com/manipal-academy-mumbai,,,"A university-based Rotaract club serving Mumbai, India.",2026-08-01
RC00055,University of Colombo Mumbai 10,university,3141,3,India,Maharashtra,Mumbai,19.065079,72.894543,2010-07-01,unknown,,,18:30,university-of-colombo-mu@example.org,,,,,https://youtube.com/@universityofcolombomu,"A university-based Rotaract club serving Mumbai, India.",2026-08-01
RC00056,Mumbai Phoenix,community,3141,3,India,Maharashtra,Mumbai,19.081186,72.847326,,active,Mumbai Community Hall,,,,https://example.org/mumbai-phoenix,,https://facebook.com/mumbai-phoenix,https://linkedin.com/company/mumbai-phoenix,,,2026-08-01
RC00057,NUST Mumbai,university,3141,3,India,Maharashtra,Mumbai,19.085859,72.900592,2015-07-01,inactive,,Wednesday,19:00,,https://example.org/nust-mumbai,,,,,"A university-based Rotaract club serving Mumbai, India.",2026-08-01
RC00058,LUMS Mumbai,university,3141,3,India,Maharashtra,Mumbai,19.072499,72.896902,,active,Mumbai Community Hall,Sunday,,lums-mumbai@example.org,,,https://facebook.com/lums-mumbai,,,"A university-based Rotaract club serving Mumbai, India.",2026-08-01
RC00059,Mumbai Pearl,community,3141,3,India,Maharashtra,Mumbai,19.100322,72.878334,2016-07-01,active,Mumbai Community Hall,,,mumbai-pearl@example.org,,,https://facebook.com/mumbai-pearl,,,,2026-08-01
RC00060,Mumbai Riverside,community,3141,3,India,Maharashtra,Mumbai,19.052368,72.841695,2007-07-01,active,Mumbai Community Hall,Sunday,,mumbai-riverside@example.org,,,,,https://youtube.com/@mumbairiverside,"A community-based Rotaract club serving Mumbai, India.",2026-08-01
RC00061,IIT Mumbai,university,3141,3,India,Maharashtra,Mumbai,19.054926,72.898976,,active,,,10:00,iit-mumbai@example.org,,,,,,"A university-based Rotaract club serving Mumbai, India.",2026-08-01
RC00062,NIT Mumbai 17,university,3141,3,India,Maharashtra,Mumbai,19.052031,72.874066,2024-07-01,unknown,,Friday,,,,https://instagram.com/nitmumbai17,,,,"A university-based Rotaract club serving Mumbai, India.",2026-08-01
RC00063,LUMS Mumbai 18,university,3141,3,India,Maharashtra,Mumbai,19.069434,72.914295,2014-07-01,active,Mumbai Community Hall,,,,https://example.org/lums-mumbai-18,,https://facebook.com/lums-mumbai-18,,,"A university-based Rotaract club serving Mumbai, India.",2026-08-01
RC00064,Presidency College Mumbai,university,3141,3,India,Maharashtra,Mumbai,19.072017,72.898873,,unknown,,Sunday,,presidency-college-mumba@example.org,,,https://facebook.com/presidency-college-mumba,,,,2026-08-01
RC00065,Presidency College Mumbai 20,university,3141,3,India,Maharashtra,Mumbai,19.092399,72.886994,2023-07-01,active,Mumbai Community Hall,Wednesday,,,,,,https://linkedin.com/company/presidency-college-mumba,,"A university-based Rotaract club serving Mumbai, India.",2026-08-01
RC00066,Mumbai Horizon,community,3141,3,India,Maharashtra,Mumbai,19.087785,72.916825,2016-07-01,inactive,Mumbai Community Hall,,,mumbai-horizon@example.org,,,,,,"A community-based Rotaract club serving Mumbai, India.",2026-08-01
RC00067,Mumbai Beacon 22,community,3141,3,India,Maharashtra,Mumbai,19.105802,72.849658,2011-07-01,inactive,Mumbai Community Hall,,18:30,mumbai-beacon-22@example.org,https://example.org/mumbai-beacon-22,https://instagram.com/mumbaibeacon22,https://facebook.com/mumbai-beacon-22,,,"A community-based Rotaract club serving Mumbai, India.",2026-08-01
RC00068,Mumbai Sunrise,community,3141,3,India,Maharashtra,Mumbai,19.068317,72.911232,2014-07-01,active,,Friday,17:00,mumbai-sunrise@example.org,https://example.org/mumbai-sunrise,https://instagram.com/mumbaisunrise,https://facebook.com/mumbai-sunrise,,,"A community-based Rotaract club serving Mumbai, India.",2026-08-01
RC00069,Mumbai Lakeview,community,3141,3,India,Maharashtra,Mumbai,19.085351,72.900263,2006-07-01,inactive,Mumbai Community Hall,,19:00,mumbai-lakeview@example.org,https://example.org/mumbai-lakeview,,,,,,2026-08-01
RC00070,Symbiosis Mumbai,university,3141,3,India,Maharashtra,Mumbai,,,,unknown,Mumbai Community Hall,,,symbiosis-mumbai@example.org,https://example.org/symbiosis-mumbai,https://instagram.com/symbiosismumbai,,,,"A university-based Rotaract club serving Mumbai, India.",2026-08-01
RC00071,Mumbai Crescent 26,community,3141,3,India,Maharashtra,Mumbai,19.089088,72.887273,2011-07-01,active,Mumbai Community Hall,,,mumbai-crescent-26@example.org,,,https://facebook.com/mumbai-crescent-26,,,"A community-based Rotaract club serving Mumbai, India.",2026-08-01
RC00072,Mumbai Frontier,community,3141,3,India,Maharashtra,Mumbai,19.084137,72.90832,2017-07-01,active,,Friday,19:00,mumbai-frontier@example.org,,https://instagram.com/mumbaifrontier,https://facebook.com/mumbai-frontier,,,"A community-based Rotaract club serving Mumbai, India.",2026-08-01
RC00073,NIT Mumbai 28,university,3141,3,India,Maharashtra,Mumbai,19.044075,72.87322,2007-07-01,active,Mumbai Community Hall,Sunday,18:30,nit-mumbai-28@example.org,,https://instagram.com/nitmumbai28,https://facebook.com/nit-mumbai-28,,,,2026-08-01
RC00074,Jawaharlal Nehru University Mumbai,university,3141,3,India,Maharashtra,Mumbai,19.083805,72.910343,2007-07-01,active,Mumbai Community Hall,Sunday,,,,,,https://linkedin.com/company/jawaharlal-nehru-univers,https://youtube.com/@jawaharlalnehruunivers,,2026-08-01
RC00075,Mumbai Sunrise 30,community,3141,3,India,Maharashtra,Mumbai,19.071892,72.870447,2022-07-01,active,Mumbai Community Hall,,,mumbai-sunrise-30@example.org,,https://instagram.com/mumbaisunrise30,,,,"A community-based Rotaract club serving Mumbai, India.",2026-08-01
RC00076,Mumbai Garden City 31,community,3141,3,India,Maharashtra,Mumbai,19.114779,72.869525,,unknown,,,17:00,mumbai-garden-city-31@example.org,,,https://facebook.com/mumbai-garden-city-31,,,"A community-based Rotaract club serving Mumbai, India.",2026-08-01
RC00077,Mumbai Summit,community,3141,3,India,Maharashtra,Mumbai,19.103353,72.886111,,active,Mumbai Community Hall,,19:00,mumbai-summit@example.org,,https://instagram.com/mumbaisummit,,,,"A community-based Rotaract club serving Mumbai, India.",2026-08-01
RC00078,Mumbai Frontier 33,community,3141,3,India,Maharashtra,Mumbai,19.072578,72.858556,2024-07-01,active,Mumbai Community Hall,Wednesday,10:00,mumbai-frontier-33@example.org,https://example.org/mumbai-frontier-33,,,,,,2026-08-01
RC00079,Symbiosis Mumbai 34,university,3141,3,India,Maharashtra,Mumbai,19.068805,72.85163,2011-07-01,active,Mumbai Community Hall,,17:00,,https://example.org/symbiosis-mumbai-34,,,,,"A university-based Rotaract club serving Mumbai, India.",2026-08-01
RC00080,Amrita Vishwa Vidyapeetham Mumbai,university,3141,3,India,Maharashtra,Mumbai,19.113206,72.845097,2012-07-01,active,,Wednesday,,amrita-vishwa-vidyapeeth@example.org,,,,,,"A university-based Rotaract club serving Mumbai, India.",2026-08-01
RC00081,Mumbai Heritage,community,3141,3,India,Maharashtra,Mumbai,19.106731,72.902383,,inactive,,,19:00,,https://example.org/mumbai-heritage,https://instagram.com/mumbaiheritage,,,,,2026-08-01
RC00082,Mumbai Phoenix 37,community,3141,3,India,Maharashtra,Mumbai,19.114306,72.856976,2005-07-01,active,,,19:00,,,https://instagram.com/mumbaiphoenix37,,https://linkedin.com/company/mumbai-phoenix-37,,"A community-based Rotaract club serving Mumbai, India.",2026-08-01
RC00083,BITS Mumbai,university,3141,3,India,Maharashtra,Mumbai,,,2011-07-01,active,Mumbai Community Hall,Saturday,18:30,,,https://instagram.com/bitsmumbai,,,,,2026-08-01
RC00084,NUST Mumbai 39,university,3141,3,India,Maharashtra,Mumbai,19.038273,72.854842,,active,,Sunday,18:30,,https://example.org/nust-mumbai-39,,,,https://youtube.com/@nustmumbai39,,2026-08-01
RC00085,Mumbai Horizon 40,community,3141,3,India,Maharashtra,Mumbai,19.039822,72.885193,2024-07-01,unknown,Mumbai Community Hall,,10:00,mumbai-horizon-40@example.org,,https://instagram.com/mumbaihorizon40,,,,,2026-08-01
RC00086,BITS Delhi,university,3011,2,India,Delhi,Delhi,,,2005-07-01,active,,Sunday,,bits-delhi@example.org,,,,,,"A university-based Rotaract club serving Delhi, India.",2026-08-01
RC00087,Delhi Central,community,3011,2,India,Delhi,Delhi,28.600421,77.230212,2012-07-01,active,,Wednesday,,delhi-central@example.org,,,,,,"A community-based Rotaract club serving Delhi, India.",2026-08-01
RC00088,BITS Delhi 3,university,3011,2,India,Delhi,Delhi,28.581637,77.204827,2016-07-01,active,Delhi Community Hall,,17:00,bits-delhi-3@example.org,,,,,,,2026-08-01
RC00089,Delhi Metropolitan,community,3011,2,India,Delhi,Delhi,28.605064,77.215145,2021-07-01,inactive,Delhi Community Hall,,,,,https://instagram.com/delhimetropolitan,,,,"A community-based Rotaract club serving Delhi, India.",2026-08-01
RC00090,Delhi Harmony,community,3011,2,India,Delhi,Delhi,28.638024,77.185354,,active,Delhi Community Hall,Wednesday,18:30,,https://example.org/delhi-harmony,https://instagram.com/delhiharmony,https://facebook.com/delhi-harmony,,,"A community-based Rotaract club serving Delhi, India.",2026-08-01
RC00091,Delhi Phoenix,community,3011,2,India,Delhi,Delhi,28.616211,77.23543,2009-07-01,active,Delhi Community Hall,,18:30,,,,,,,,2026-08-01
RC00092,NUST Delhi,university,3011,2,India,Delhi,Delhi,28.592231,77.192298,,active,Delhi Community Hall,Saturday,19:00,nust-delhi@example.org,,https://instagram.com/nustdelhi,,,,"A university-based Rotaract club serving Delhi, India.",2026-08-01
RC00093,Presidency College Delhi,university,3011,2,India,Delhi,Delhi,28.630451,77.178647,,active,,,17:00,presidency-college-delhi@example.org,,,,https://linkedin.com/company/presidency-college-delhi,,,2026-08-01
RC00094,Delhi Garden City,community,3011,2,India,Delhi,Delhi,28.652215,77.237046,2007-07-01,active,,,,,,https://instagram.com/delhigardencity,https://facebook.com/delhi-garden-city,,,"A community-based Rotaract club serving Delhi, India.",2026-08-01
RC00095,Delhi Heritage,community,3011,2,India,Delhi,Delhi,28.625597,77.245249,,active,,,,delhi-heritage@example.org,,,https://facebook.com/delhi-heritage,,,"A community-based Rotaract club serving Delhi, India.",2026-08-01
RC00096,IIT Delhi,university,3011,2,India,Delhi,Delhi,,,2020-07-01,active,Delhi Community Hall,,10:00,,https://example.org/iit-delhi,https://instagram.com/iitdelhi,https://facebook.com/iit-delhi,https://linkedin.com/company/iit-delhi,,"A university-based Rotaract club serving Delhi, India.",2026-08-01
RC00097,LUMS Delhi,university,3011,2,India,Delhi,Delhi,28.603071,77.216238,2005-07-01,active,,,,lums-delhi@example.org,,,,,,"A university-based Rotaract club serving Delhi, India.",2026-08-01
RC00098,University of Dhaka Delhi,university,3011,2,India,Delhi,Delhi,28.586359,77.181049,2010-07-01,active,Delhi Community Hall,,,university-of-dhaka-delh@example.org,,,,,,,2026-08-01
RC00099,Amrita Vishwa Vidyapeetham Delhi,university,3011,2,India,Delhi,Delhi,28.648824,77.175659,,inactive,,Sunday,18:30,amrita-vishwa-vidyapeeth@example.org,,,https://facebook.com/amrita-vishwa-vidyapeeth,,,"A university-based Rotaract club serving Delhi, India.",2026-08-01
RC00100,Delhi Crescent,community,3011,2,India,Delhi,Delhi,28.614109,77.18442,2016-07-01,active,Delhi Community Hall,Friday,17:00,delhi-crescent@example.org,,,,,,"A community-based Rotaract club serving Delhi, India.",2026-08-01
RC00101,Symbiosis Delhi,university,3011,2,India,Delhi,Delhi,28.602254,77.246968,2024-07-01,active,Delhi Community Hall,Saturday,17:00,,https://example.org/symbiosis-delhi,https://instagram.com/symbiosisdelhi,https://facebook.com/symbiosis-delhi,,,"A university-based Rotaract club serving Delhi, India.",2026-08-01
RC00102,Delhi Central 17,community,3011,2,India,Delhi,Delhi,28.617767,77.237383,2020-07-01,active,,Sunday,,delhi-central-17@example.org,,https://instagram.com/delhicentral17,https://facebook.com/delhi-central-17,,,"A community-based Rotaract club serving Delhi, India.",2026-08-01
RC00103,Amrita Vishwa Vidyapeetham Delhi 18,university,3011,2,India,Delhi,Delhi,28.595553,77.228782,2015-07-01,active,Delhi Community Hall,Wednesday,,amrita-vishwa-vidyapeeth@example.org,,https://instagram.com/amritavishwavidyapeeth,,,,,2026-08-01
RC00104,University of Colombo Delhi,university,3011,2,India,Delhi,Delhi,28.589981,77.221236,2016-07-01,active,,Sunday,10:00,university-of-colombo-de@example.org,,https://instagram.com/universityofcolombode,,,,"A university-based Rotaract club serving Delhi, India.",2026-08-01
RC00105,Delhi Capitol,community,3011,2,India,Delhi,Delhi,28.640075,77.244786,2011-07-01,unknown,Delhi Community Hall,Friday,,delhi-capitol@example.org,,,,,,"A community-based Rotaract club serving Delhi, India.",2026-08-01
RC00106,Delhi Riverside,community,3011,2,India,Delhi,Delhi,28.578232,77.224788,2012-07-01,active,,Sunday,17:00,delhi-riverside@example.org,,,https://facebook.com/delhi-riverside,,,"A community-based Rotaract club serving Delhi, India.",2026-08-01
RC00107,Jawaharlal Nehru University Delhi,university,3011,2,India,Delhi,Delhi,28.608067,77.246078,2018-07-01,unknown,Delhi Community Hall,Sunday,17:00,,,,,,,,2026-08-01
RC00108,Delhi Heritage 23,community,3011,2,India,Delhi,Delhi,28.581584,77.224644,,active,Delhi Community Hall,Sunday,10:00,delhi-heritage-23@example.org,,https://instagram.com/delhiheritage23,,,,,2026-08-01
RC00109,LUMS Delhi 24,university,3011,2,India,Delhi,Delhi,28.629883,77.172592,2018-07-01,active,,Saturday,17:00,lums-delhi-24@example.org,https://example.org/lums-delhi-24,https://instagram.com/lumsdelhi24,,,,"A university-based Rotaract club serving Delhi, India.",2026-08-01
RC00110,University of Colombo Delhi 25,university,3011,2,India,Delhi,Delhi,28.598235,77.195747,,inactive,Delhi Community Hall,,18:30,university-of-colombo-de@example.org,,,,,,,2026-08-01
RC00111,Symbiosis Delhi 26,university,3011,2,India,Delhi,Delhi,28.58791,77.224158,2011-07-01,unknown,,,17:00,symbiosis-delhi-26@example.org,,,,,,,2026-08-01
RC00112,Delhi Lakeview,community,3011,2,India,Delhi,Delhi,28.6161,77.170283,2020-07-01,unknown,Delhi Community Hall,Saturday,17:00,delhi-lakeview@example.org,https://example.org/delhi-lakeview,,,,,"A community-based Rotaract club serving Delhi, India.",2026-08-01
RC00113,Delhi Crescent 28,community,3011,2,India,Delhi,Delhi,28.580359,77.175697,2010-07-01,active,,,,delhi-crescent-28@example.org,,https://instagram.com/delhicrescent28,,,,,2026-08-01
RC00114,Delhi Lakeview 29,community,3011,2,India,Delhi,Delhi,28.642289,77.229628,2005-07-01,unknown,Delhi Community Hall,,18:30,delhi-lakeview-29@example.org,https://example.org/delhi-lakeview-29,https://instagram.com/delhilakeview29,https://facebook.com/delhi-lakeview-29,https://linkedin.com/company/delhi-lakeview-29,,"A community-based Rotaract club serving Delhi, India.",2026-08-01
RC00115,Delhi Pearl,community,3011,2,India,Delhi,Delhi,28.611804,77.212939,,unknown,Delhi Community Hall,Friday,10:00,delhi-pearl@example.org,,https://instagram.com/delhipearl,,,,,2026-08-01
RC00116,NIT Delhi,university,3011,2,India,Delhi,Delhi,28.603647,77.221524,2014-07-01,active,Delhi Community Hall,,10:00,nit-delhi@example.org,,,https://facebook.com/nit-delhi,,,"A university-based Rotaract club serving Delhi, India.",2026-08-01
RC00117,Jawaharlal Nehru University Delhi 32,university,3011,2,India,Delhi,Delhi,28.594014,77.176642,,inactive,Delhi Community Hall,Wednesday,,jawaharlal-nehru-univers@example.org,https://example.org/jawaharlal-nehru-univers,,,,,"A university-based Rotaract club serving Delhi, India.",2026-08-01
RC00118,NIT Delhi 33,university,3011,2,India,Delhi,Delhi,28.591858,77.244157,,active,,Friday,,nit-delhi-33@example.org,,,,,,"A university-based Rotaract club serving Delhi, India.",2026-08-01
RC00119,Delhi Sunrise,community,3011,2,India,Delhi,Delhi,,,2011-07-01,active,,Sunday,,delhi-sunrise@example.org,https://example.org/delhi-sunrise,https://instagram.com/delhisunrise,,,,,2026-08-01
RC00120,Loyola College Delhi,university,3011,2,India,Delhi,Delhi,28.616554,77.202314,2016-07-01,inactive,,Wednesday,19:00,,https://example.org/loyola-college-delhi,https://instagram.com/loyolacollegedelhi,,,https://youtube.com/@loyolacollegedelhi,,2026-08-01
RC00121,BITS Chennai,university,3232,5,India,Tamil Nadu,Chennai,13.094928,80.266581,2011-07-01,unknown,Chennai Community Hall,Wednesday,17:00,bits-chennai@example.org,https://example.org/bits-chennai,,,https://linkedin.com/company/bits-chennai,,"A university-based Rotaract club serving Chennai, India.",2026-08-01
RC00122,Chennai Summit,community,3232,5,India,Tamil Nadu,Chennai,,,2019-07-01,inactive,Chennai Community Hall,Saturday,,chennai-summit@example.org,,https://instagram.com/chennaisummit,,https://linkedin.com/company/chennai-summit,,"A community-based Rotaract club serving Chennai, India.",2026-08-01
RC00123,Chennai Downtown,community,3232,5,India,Tamil Nadu,Chennai,13.054399,80.254046,,inactive,,,18:30,,,,https://facebook.com/chennai-downtown,,,"A community-based Rotaract club serving Chennai, India.",2026-08-01
RC00124,Chennai Heritage,community,3232,5,India,Tamil Nadu,Chennai,13.087876,80.296199,2013-07-01,unknown,,,,chennai-heritage@example.org,,,,,,"A community-based Rotaract club serving Chennai, India.",2026-08-01
RC00125,Chennai Metropolitan,community,3232,5,India,Tamil Nadu,Chennai,13.064336,80.269011,2021-07-01,active,Chennai Community Hall,Friday,19:00,,https://example.org/chennai-metropolitan,,,,,,2026-08-01
RC00126,LUMS Chennai,university,3232,5,India,Tamil Nadu,Chennai,13.067255,80.263428,2006-07-01,active,Chennai Community Hall,Wednesday,10:00,,,https://instagram.com/lumschennai,https://facebook.com/lums-chennai,,,,2026-08-01
RC00127,LUMS Chennai 7,university,3232,5,India,Tamil Nadu,Chennai,13.093722,80.292673,2011-07-01,inactive,,Saturday,,lums-chennai-7@example.org,,https://instagram.com/lumschennai7,,,,,2026-08-01
RC00128,Tribhuvan University Chennai,university,3232,5,India,Tamil Nadu,Chennai,13.064703,80.280175,,unknown,Chennai Community Hall,,19:00,tribhuvan-university-che@example.org,https://example.org/tribhuvan-university-che,https://instagram.com/tribhuvanuniversityche,,,,,2026-08-01
RC00129,Chennai Downtown 9,community,3232,5,India,Tamil Nadu,Chennai,13.109737,80.292756,2020-07-01,inactive,Chennai Community Hall,,17:00,chennai-downtown-9@example.org,,https://instagram.com/chennaidowntown9,https://facebook.com/chennai-downtown-9,,https://youtube.com/@chennaidowntown9,"A community-based Rotaract club serving Chennai, India.",2026-08-01
RC00130,Tribhuvan University Chennai 10,university,3232,5,India,Tamil Nadu,Chennai,13.093892,80.291121,2009-07-01,active,Chennai Community Hall,Sunday,,,,https://instagram.com/tribhuvanuniversityche,,https://linkedin.com/company/tribhuvan-university-che,,,2026-08-01
RC00131,Chennai Garden City,community,3232,5,India,Tamil Nadu,Chennai,13.100756,80.232816,,active,Chennai Community Hall,Saturday,19:00,chennai-garden-city@example.org,,https://instagram.com/chennaigardencity,,,https://youtube.com/@chennaigardencity,"A community-based Rotaract club serving Chennai, India.",2026-08-01
RC00132,University of Chennai,university,3232,5,India,Tamil Nadu,Chennai,13.099662,80.281753,2018-07-01,active,,Saturday,18:30,,https://example.org/university-of-chennai,,https://facebook.com/university-of-chennai,,,,2026-08-01
RC00133,Chennai Harmony,community,3232,5,India,Tamil Nadu,Chennai,13.104067,80.249888,2011-07-01,active,Chennai Community Hall,,17:00,,,https://instagram.com/chennaiharmony,,,,,2026-08-01
RC00134,Chennai Beacon,community,3232,5,India,Tamil Nadu,Chennai,,,2015-07-01,active,Chennai Community Hall,Friday,,chennai-beacon@example.org,https://example.org/chennai-beacon,,,,,"A community-based Rotaract club serving Chennai, India.",2026-08-01
RC00135,University of Colombo Chennai,university,3232,5,India,Tamil Nadu,Chennai,13.114565,80.272243,2019-07-01,unknown,Chennai Community Hall,Wednesday,10:00,university-of-colombo-ch@example.org,,https://instagram.com/universityofcolomboch,https://facebook.com/university-of-colombo-ch,,,"A university-based Rotaract club serving Chennai, India.",2026-08-01
RC00136,Chennai Lakeview,community,3232,5,India,Tamil Nadu,Chennai,13.105391,80.293629,,active,Chennai Community Hall,Wednesday,,chennai-lakeview@example.org,,,https://facebook.com/chennai-lakeview,,,,2026-08-01
RC00137,BITS Chennai 17,university,3232,5,India,Tamil Nadu,Chennai,13.098538,80.259598,,active,,Friday,18:30,bits-chennai-17@example.org,,https://instagram.com/bitschennai17,,,https://youtube.com/@bitschennai17,"A university-based Rotaract club serving Chennai, India.",2026-08-01
RC00138,Chennai Riverside,community,3232,5,India,Tamil Nadu,Chennai,13.066598,80.276815,,inactive,Chennai Community Hall,,19:00,chennai-riverside@example.org,,https://instagram.com/chennairiverside,,,,,2026-08-01
RC00139,Chennai Riverside 19,community,3232,5,India,Tamil Nadu,Chennai,13.063639,80.231634,2024-07-01,active,,Friday,18:30,chennai-riverside-19@example.org,https://example.org/chennai-riverside-19,https://instagram.com/chennairiverside19,,https://linkedin.com/company/chennai-riverside-19,,"A community-based Rotaract club serving Chennai, India.",2026-08-01
RC00140,Chennai Riverside 20,community,3232,5,India,Tamil Nadu,Chennai,13.094481,80.302703,2005-07-01,inactive,Chennai Community Hall,Wednesday,19:00,chennai-riverside-20@example.org,,,https://facebook.com/chennai-riverside-20,,,"A community-based Rotaract club serving Chennai, India.",2026-08-01
RC00141,Christ University Chennai,university,3232,5,India,Tamil Nadu,Chennai,13.103823,80.251097,2006-07-01,unknown,,Sunday,19:00,christ-university-chenna@example.org,,,,,,"A university-based Rotaract club serving Chennai, India.",2026-08-01
RC00142,Chennai Lakeview 22,community,3232,5,India,Tamil Nadu,Chennai,13.046693,80.301364,,active,,,,chennai-lakeview-22@example.org,,,,,,,2026-08-01
RC00143,Chennai Riverside 23,community,3232,5,India,Tamil Nadu,Chennai,,,,active,Chennai Community Hall,Sunday,17:00,chennai-riverside-23@example.org,,https://instagram.com/chennairiverside23,https://facebook.com/chennai-riverside-23,,,,2026-08-01
RC00144,Chennai Harmony 24,community,3232,5,India,Tamil Nadu,Chennai,13.118767,80.263385,2015-07-01,active,Chennai Community Hall,Sunday,19:00,,,,,,,"A community-based Rotaract club serving Chennai, India.",2026-08-01
RC00145,Presidency College Chennai,university,3232,5,India,Tamil Nadu,Chennai,13.081946,80.238655,,active,,Friday,,presidency-college-chenn@example.org,,https://instagram.com/presidencycollegechenn,,,,,2026-08-01
RC00146,Chennai Metropolitan 26,community,3232,5,India,Tamil Nadu,Chennai,13.093218,80.306723,2010-07-01,active,,,,chennai-metropolitan-26@example.org,,https://instagram.com/chennaimetropolitan26,https://facebook.com/chennai-metropolitan-26,,,"A community-based Rotaract club serving Chennai, India.",2026-08-01
RC00147,BITS Chennai 27,university,3232,5,India,Tamil Nadu,Chennai,13.067036,80.301367,,active,,,,,,https://instagram.com/bitschennai27,https://facebook.com/bits-chennai-27,,,,2026-08-01
RC00148,Chennai Summit 28,community,3232,5,India,Tamil Nadu,Chennai,13.1205,80.276675,2023-07-01,inactive,Chennai Community Hall,Friday,,,,,https://facebook.com/chennai-summit-28,,,"A community-based Rotaract club serving Chennai, India.",2026-08-01
RC00149,University of Dhaka Chennai,university,3232,5,India,Tamil Nadu,Chennai,13.091584,80.29726,,active,Chennai Community Hall,Sunday,19:00,university-of-dhaka-chen@example.org,https://example.org/university-of-dhaka-chen,https://instagram.com/universityofdhakachen,,https://linkedin.com/company/university-of-dhaka-chen,,,2026-08-01
RC00150,NIT Chennai,university,3232,5,India,Tamil Nadu,Chennai,,,2018-07-01,active,,,18:30,,,,https://facebook.com/nit-chennai,,,"A university-based Rotaract club serving Chennai, India.",2026-08-01
RC00151,Jawaharlal Nehru University Hyderabad,university,3150,4,India,Telangana,Hyderabad,17.419637,78.458054,2011-07-01,inactive,Hyderabad Community Hall,,,,https://example.org/jawaharlal-nehru-univers,,,,,"A university-based Rotaract club serving Hyderabad, India.",2026-08-01
RC00152,Hyderabad Central,community,3150,4,India,Telangana,Hyderabad,17.393088,78.45439,2016-07-01,active,Hyderabad Community Hall,Friday,17:00,hyderabad-central@example.org,https://example.org/hyderabad-central,https://instagram.com/hyderabadcentral,https://facebook.com/hyderabad-central,,,"A community-based Rotaract club serving Hyderabad, India.",2026-08-01
RC00153,NUST Hyderabad,university,3150,4,India,Telangana,Hyderabad,17.363092,78.525691,,unknown,,,19:00,nust-hyderabad@example.org,https://example.org/nust-hyderabad,,,,,,2026-08-01
RC00154,Hyderabad Horizon,community,3150,4,India,Telangana,Hyderabad,17.381009,78.451503,2012-07-01,unknown,Hyderabad Community Hall,Sunday,17:00,,,https://instagram.com/hyderabadhorizon,,https://linkedin.com/company/hyderabad-horizon,,"A community-based Rotaract club serving Hyderabad, India.",2026-08-01
RC00155,St. Joseph's College Hyderabad,university,3150,4,India,Telangana,Hyderabad,17.388004,78.466323,,active,,,,,,https://instagram.com/stjosephscollegehyde,https://facebook.com/st-joseph-s-college-hyde,,,,2026-08-01
RC00156,Hyderabad Sunrise,community,3150,4,India,Telangana,Hyderabad,,,2018-07-01,active,,,17:00,hyderabad-sunrise@example.org,,,,,,,2026-08-01
RC00157,Hyderabad Capitol,community,3150,4,India,Telangana,Hyderabad,17.387732,78.501082,2017-07-01,inactive,Hyderabad Community Hall,,18:30,,,https://instagram.com/hyderabadcapitol,,https://linkedin.com/company/hyderabad-capitol,https://youtube.com/@hyderabadcapitol,"A community-based Rotaract club serving Hyderabad, India.",2026-08-01
RC00158,Hyderabad Unity,community,3150,4,India,Telangana,Hyderabad,17.389275,78.526346,2008-07-01,active,,,19:00,hyderabad-unity@example.org,,https://instagram.com/hyderabadunity,https://facebook.com/hyderabad-unity,,,"A community-based Rotaract club serving Hyderabad, India.",2026-08-01
RC00159,BITS Hyderabad,university,3150,4,India,Telangana,Hyderabad,17.398503,78.504853,,active,Hyderabad Community Hall,,18:30,bits-hyderabad@example.org,,https://instagram.com/bitshyderabad,,,,"A university-based Rotaract club serving Hyderabad, India.",2026-08-01
RC00160,Hyderabad Metropolitan,community,3150,4,India,Telangana,Hyderabad,17.362355,78.501434,2007-07-01,active,,Wednesday,,,,,https://facebook.com/hyderabad-metropolitan,,,,2026-08-01
RC00161,Hyderabad Lakeview,community,3150,4,India,Telangana,Hyderabad,17.348979,78.499039,2012-07-01,active,,Friday,19:00,hyderabad-lakeview@example.org,https://example.org/hyderabad-lakeview,https://instagram.com/hyderabadlakeview,https://facebook.com/hyderabad-lakeview,,,"A community-based Rotaract club serving Hyderabad, India.",2026-08-01
RC00162,BITS Hyderabad 12,university,3150,4,India,Telangana,Hyderabad,17.345296,78.488264,,active,Hyderabad Community Hall,Friday,10:00,bits-hyderabad-12@example.org,,,https://facebook.com/bits-hyderabad-12,,,,2026-08-01
RC00163,Hyderabad Pearl,community,3150,4,India,Telangana,Hyderabad,17.423615,78.519886,2011-07-01,unknown,Hyderabad Community Hall,Saturday,19:00,,,,https://facebook.com/hyderabad-pearl,,,"A community-based Rotaract club serving Hyderabad, India.",2026-08-01
RC00164,NUST Hyderabad 14,university,3150,4,India,Telangana,Hyderabad,17.383935,78.454199,2022-07-01,active,Hyderabad Community Hall,,19:00,,,,,https://linkedin.com/company/nust-hyderabad-14,,"A university-based Rotaract club serving Hyderabad, India.",2026-08-01
RC00165,Hyderabad Summit,community,3150,4,India,Telangana,Hyderabad,17.387397,78.520816,,unknown,Hyderabad Community Hall,Sunday,,hyderabad-summit@example.org,https://example.org/hyderabad-summit,https://instagram.com/hyderabadsummit,,,,"A community-based Rotaract club serving Hyderabad, India.",2026-08-01
RC00166,Jawaharlal Nehru University Hyderabad 16,university,3150,4,India,Telangana,Hyderabad,17.411668,78.478183,2013-07-01,inactive,,,10:00,jawaharlal-nehru-univers@example.org,,,,,,"A university-based Rotaract club serving Hyderabad, India.",2026-08-01
RC00167,BITS Hyderabad 17,university,3150,4,India,Telangana,Hyderabad,17.40958,78.47818,,unknown,Hyderabad Community Hall,,,bits-hyderabad-17@example.org,,https://instagram.com/bitshyderabad17,,,,"A university-based Rotaract club serving Hyderabad, India.",2026-08-01
RC00168,Hyderabad Summit 18,community,3150,4,India,Telangana,Hyderabad,17.351973,78.491455,2018-07-01,unknown,,Sunday,,hyderabad-summit-18@example.org,,,,https://linkedin.com/company/hyderabad-summit-18,,"A community-based Rotaract club serving Hyderabad, India.",2026-08-01
RC00169,Hyderabad Phoenix,community,3150,4,India,Telangana,Hyderabad,17.423483,78.463183,,active,Hyderabad Community Hall,Wednesday,17:00,,,,,https://linkedin.com/company/hyderabad-phoenix,,"A community-based Rotaract club serving Hyderabad, India.",2026-08-01
RC00170,Hyderabad Beacon,community,3150,4,India,Telangana,Hyderabad,17.346149,78.471272,2010-07-01,active,,Saturday,18:30,hyderabad-beacon@example.org,,https://instagram.com/hyderabadbeacon,https://facebook.com/hyderabad-beacon,https://linkedin.com/company/hyderabad-beacon,,"A community-based Rotaract club serving Hyderabad, India.",2026-08-01
RC00171,Hyderabad Phoenix 21,community,3150,4,India,Telangana,Hyderabad,,,2016-07-01,active,Hyderabad Community Hall,Saturday,,hyderabad-phoenix-21@example.org,https://example.org/hyderabad-phoenix-21,https://instagram.com/hyderabadphoenix21,,https://linkedin.com/company/hyderabad-phoenix-21,,,2026-08-01
RC00172,Presidency College Hyderabad,university,3150,4,India,Telangana,Hyderabad,17.360836,78.523754,2007-07-01,active,,,10:00,presidency-college-hyder@example.org,https://example.org/presidency-college-hyder,https://instagram.com/presidencycollegehyder,,https://linkedin.com/company/presidency-college-hyder,https://youtube.com/@presidencycollegehyder,"A university-based Rotaract club serving Hyderabad, India.",2026-08-01
RC00173,Hyderabad Unity 23,community,3150,4,India,Telangana,Hyderabad,17.375418,78.491345,2009-07-01,inactive,Hyderabad Community Hall,,19:00,hyderabad-unity-23@example.org,,https://instagram.com/hyderabadunity23,,,https://youtube.com/@hyderabadunity23,"A community-based Rotaract club serving Hyderabad, India.",2026-08-01
RC00174,Hyderabad Metropolitan 24,community,3150,4,India,Telangana,Hyderabad,17.406472,78.52216,2021-07-01,active,Hyderabad Community Hall,Saturday,,hyderabad-metropolitan-2@example.org,,,https://facebook.com/hyderabad-metropolitan-2,,,,2026-08-01
RC00175,Hyderabad Pearl 25,community,3150,4,India,Telangana,Hyderabad,17.423982,78.482415,2023-07-01,active,Hyderabad Community Hall,,17:00,hyderabad-pearl-25@example.org,,,https://facebook.com/hyderabad-pearl-25,https://linkedin.com/company/hyderabad-pearl-25,,,2026-08-01
RC00176,University of Hyderabad,university,3150,4,India,Telangana,Hyderabad,17.379326,78.459744,2021-07-01,active,Hyderabad Community Hall,Sunday,,university-of-hyderabad@example.org,,https://instagram.com/universityofhyderabad,https://facebook.com/university-of-hyderabad,,,,2026-08-01
RC00177,Hyderabad Phoenix 27,community,3150,4,India,Telangana,Hyderabad,17.350629,78.470843,,unknown,Hyderabad Community Hall,Friday,10:00,hyderabad-phoenix-27@example.org,,,https://facebook.com/hyderabad-phoenix-27,,,"A community-based Rotaract club serving Hyderabad, India.",2026-08-01
RC00178,Hyderabad Downtown,community,3150,4,India,Telangana,Hyderabad,17.365657,78.476097,,active,Hyderabad Community Hall,Friday,19:00,hyderabad-downtown@example.org,,,https://facebook.com/hyderabad-downtown,,,"A community-based Rotaract club serving Hyderabad, India.",2026-08-01
RC00179,Kolkata,community,3291,6,India,West Bengal,Kolkata,22.603944,88.373668,2023-07-01,active,Kolkata Community Hall,Friday,10:00,kolkata@example.org,,,https://facebook.com/kolkata,,,"A community-based Rotaract club serving Kolkata, India.",2026-08-01
RC00180,Kolkata Pearl,community,3291,6,India,West Bengal,Kolkata,22.589925,88.350101,,inactive,Kolkata Community Hall,Friday,10:00,kolkata-pearl@example.org,,,,https://linkedin.com/company/kolkata-pearl,,"A community-based Rotaract club serving Kolkata, India.",2026-08-01
RC00181,Kolkata Heritage,community,3291,6,India,West Bengal,Kolkata,22.611557,88.36674,2008-07-01,inactive,,Friday,17:00,,https://example.org/kolkata-heritage,,https://facebook.com/kolkata-heritage,,,"A community-based Rotaract club serving Kolkata, India.",2026-08-01
RC00182,Kolkata Heritage 4,community,3291,6,India,West Bengal,Kolkata,22.582912,88.397924,,active,Kolkata Community Hall,Wednesday,19:00,kolkata-heritage-4@example.org,https://example.org/kolkata-heritage-4,,,,,,2026-08-01
RC00183,Kolkata Capitol,community,3291,6,India,West Bengal,Kolkata,22.605048,88.330991,,unknown,Kolkata Community Hall,Friday,19:00,kolkata-capitol@example.org,,https://instagram.com/kolkatacapitol,,,,"A community-based Rotaract club serving Kolkata, India.",2026-08-01
RC00184,Kolkata Pearl 6,community,3291,6,India,West Bengal,Kolkata,22.554402,88.399267,2014-07-01,inactive,,,18:30,kolkata-pearl-6@example.org,https://example.org/kolkata-pearl-6,https://instagram.com/kolkatapearl6,,,,"A community-based Rotaract club serving Kolkata, India.",2026-08-01
RC00185,IIT Kolkata,university,3291,6,India,West Bengal,Kolkata,22.544953,88.34466,,active,Kolkata Community Hall,,10:00,iit-kolkata@example.org,https://example.org/iit-kolkata,,,,,"A university-based Rotaract club serving Kolkata, India.",2026-08-01
RC00186,St. Joseph's College Kolkata,university,3291,6,India,West Bengal,Kolkata,22.58744,88.383198,2014-07-01,inactive,,Sunday,18:30,st-joseph-s-college-kolk@example.org,,https://instagram.com/stjosephscollegekolk,https://facebook.com/st-joseph-s-college-kolk,,,"A university-based Rotaract club serving Kolkata, India.",2026-08-01
RC00187,NIT Kolkata,university,3291,6,India,West Bengal,Kolkata,22.591012,88.343647,,active,Kolkata Community Hall,Wednesday,,nit-kolkata@example.org,https://example.org/nit-kolkata,,,https://linkedin.com/company/nit-kolkata,,"A university-based Rotaract club serving Kolkata, India.",2026-08-01
RC00188,University of Dhaka Kolkata,university,3291,6,India,West Bengal,Kolkata,22.609363,88.371478,2018-07-01,unknown,,,17:00,,,https://instagram.com/universityofdhakakolk,,,,"A university-based Rotaract club serving Kolkata, India.",2026-08-01
RC00189,Manipal Academy Kolkata,university,3291,6,India,West Bengal,Kolkata,22.600929,88.398563,,unknown,Kolkata Community Hall,Sunday,17:00,manipal-academy-kolkata@example.org,,https://instagram.com/manipalacademykolkata,,https://linkedin.com/company/manipal-academy-kolkata,,,2026-08-01
RC00190,NUST Kolkata,university,3291,6,India,West Bengal,Kolkata,22.560649,88.325575,,active,Kolkata Community Hall,,19:00,nust-kolkata@example.org,,https://instagram.com/nustkolkata,https://facebook.com/nust-kolkata,,,,2026-08-01
RC00191,University of Colombo Kolkata,university,3291,6,India,West Bengal,Kolkata,22.579853,88.353726,2006-07-01,active,Kolkata Community Hall,Saturday,,university-of-colombo-ko@example.org,,,,,,"A university-based Rotaract club serving Kolkata, India.",2026-08-01
RC00192,Kolkata Crescent,community,3291,6,India,West Bengal,Kolkata,22.556018,88.336279,2009-07-01,inactive,Kolkata Community Hall,,19:00,kolkata-crescent@example.org,,https://instagram.com/kolkatacrescent,,https://linkedin.com/company/kolkata-crescent,,"A community-based Rotaract club serving Kolkata, India.",2026-08-01
RC00193,Kolkata Crescent 15,community,3291,6,India,West Bengal,Kolkata,22.582505,88.389034,2012-07-01,active,,Friday,,,,https://instagram.com/kolkatacrescent15,https://facebook.com/kolkata-crescent-15,https://linkedin.com/company/kolkata-crescent-15,,"A community-based Rotaract club serving Kolkata, India.",2026-08-01
RC00194,Presidency College Kolkata,university,3291,6,India,West Bengal,Kolkata,22.58875,88.324049,2023-07-01,active,Kolkata Community Hall,Wednesday,10:00,,,,,https://linkedin.com/company/presidency-college-kolka,,"A university-based Rotaract club serving Kolkata, India.",2026-08-01
RC00195,NIT Kolkata 17,university,3291,6,India,West Bengal,Kolkata,22.559147,88.329887,2015-07-01,active,Kolkata Community Hall,,19:00,nit-kolkata-17@example.org,,,https://facebook.com/nit-kolkata-17,https://linkedin.com/company/nit-kolkata-17,,"A university-based Rotaract club serving Kolkata, India.",2026-08-01
RC00196,Kolkata Phoenix,community,3291,6,India,West Bengal,Kolkata,22.562074,88.326072,2011-07-01,active,Kolkata Community Hall,Friday,18:30,,,https://instagram.com/kolkataphoenix,,,https://youtube.com/@kolkataphoenix,"A community-based Rotaract club serving Kolkata, India.",2026-08-01
RC00197,LUMS Kolkata,university,3291,6,India,West Bengal,Kolkata,22.556461,88.385666,2010-07-01,active,,Friday,17:00,lums-kolkata@example.org,,,,,,,2026-08-01
RC00198,Kolkata Harmony,community,3291,6,India,West Bengal,Kolkata,22.545106,88.378789,2012-07-01,active,,,10:00,kolkata-harmony@example.org,,,,,,,2026-08-01
RC00199,Amrita Vishwa Vidyapeetham Kolkata,university,3291,6,India,West Bengal,Kolkata,22.55494,88.396305,2014-07-01,unknown,,Wednesday,,amrita-vishwa-vidyapeeth@example.org,,,,,,"A university-based Rotaract club serving Kolkata, India.",2026-08-01
RC00200,University of Colombo Kolkata 22,university,3291,6,India,West Bengal,Kolkata,22.565979,88.392558,,active,Kolkata Community Hall,,,university-of-colombo-ko@example.org,https://example.org/university-of-colombo-ko,,,,,"A university-based Rotaract club serving Kolkata, India.",2026-08-01
RC00201,Kolkata Pearl 23,community,3291,6,India,West Bengal,Kolkata,22.56206,88.377017,,active,,Wednesday,19:00,kolkata-pearl-23@example.org,https://example.org/kolkata-pearl-23,https://instagram.com/kolkatapearl23,https://facebook.com/kolkata-pearl-23,,,"A community-based Rotaract club serving Kolkata, India.",2026-08-01
RC00202,Kolkata Garden City,community,3291,6,India,West Bengal,Kolkata,22.605695,88.38584,,active,Kolkata Community Hall,Wednesday,17:00,kolkata-garden-city@example.org,https://example.org/kolkata-garden-city,https://instagram.com/kolkatagardencity,,,,,2026-08-01
RC00203,Amrita Vishwa Vidyapeetham Kolkata 25,university,3291,6,India,West Bengal,Kolkata,22.551716,88.346212,2008-07-01,inactive,Kolkata Community Hall,Wednesday,,amrita-vishwa-vidyapeeth@example.org,,,https://facebook.com/amrita-vishwa-vidyapeeth,,,"A university-based Rotaract club serving Kolkata, India.",2026-08-01
RC00204,Pune,community,3131,3,India,Maharashtra,Pune,18.531907,73.853123,2018-07-01,active,Pune Community Hall,,19:00,,https://example.org/pune,,,https://linkedin.com/company/pune,,,2026-08-01
RC00205,Pune Phoenix,community,3131,3,India,Maharashtra,Pune,18.493836,73.855623,,active,,,18:30,pune-phoenix@example.org,,,https://facebook.com/pune-phoenix,,,"A community-based Rotaract club serving Pune, India.",2026-08-01
RC00206,Symbiosis Pune,university,3131,3,India,Maharashtra,Pune,18.508846,73.861574,2024-07-01,active,,Sunday,17:00,,,https://instagram.com/symbiosispune,https://facebook.com/symbiosis-pune,,,,2026-08-01
RC00207,Pune Horizon,community,3131,3,India,Maharashtra,Pune,,,2005-07-01,unknown,,,,pune-horizon@example.org,,,,https://linkedin.com/company/pune-horizon,,,2026-08-01
RC00208,BITS Pune,university,3131,3,India,Maharashtra,Pune,18.55961,73.873843,2005-07-01,active,,Friday,18:30,bits-pune@example.org,https://example.org/bits-pune,,,,https://youtube.com/@bitspune,,2026-08-01
RC00209,University of Colombo Pune,university,3131,3,India,Maharashtra,Pune,18.490309,73.826027,2006-07-01,active,,,18:30,,,,https://facebook.com/university-of-colombo-pu,https://linkedin.com/company/university-of-colombo-pu,,,2026-08-01
RC00210,Pune Central,community,3131,3,India,Maharashtra,Pune,18.486045,73.893775,,unknown,Pune Community Hall,,17:00,pune-central@example.org,https://example.org/pune-central,https://instagram.com/punecentral,https://facebook.com/pune-central,,,,2026-08-01
RC00211,Pune Gateway,community,3131,3,India,Maharashtra,Pune,18.510187,73.857381,2017-07-01,unknown,Pune Community Hall,Friday,17:00,,,https://instagram.com/punegateway,,,,,2026-08-01
RC00212,Loyola College Pune,university,3131,3,India,Maharashtra,Pune,18.543353,73.848571,2019-07-01,inactive,,Friday,18:30,loyola-college-pune@example.org,,https://instagram.com/loyolacollegepune,,,,,2026-08-01
RC00213,Christ University Pune,university,3131,3,India,Maharashtra,Pune,,,2009-07-01,unknown,Pune Community Hall,,,,,,,,,"A university-based Rotaract club serving Pune, India.",2026-08-01
RC00214,BITS Pune 11,university,3131,3,India,Maharashtra,Pune,18.486233,73.825021,2018-07-01,unknown,Pune Community Hall,,17:00,bits-pune-11@example.org,,https://instagram.com/bitspune11,,,,,2026-08-01
RC00215,BITS Pune 12,university,3131,3,India,Maharashtra,Pune,18.510332,73.841006,2022-07-01,inactive,Pune Community Hall,Wednesday,10:00,bits-pune-12@example.org,,,,,https://youtube.com/@bitspune12,,2026-08-01
RC00216,Pune Beacon,community,3131,3,India,Maharashtra,Pune,18.545606,73.817895,,active,Pune Community Hall,,17:00,,https://example.org/pune-beacon,,,,,,2026-08-01
RC00217,Pune Oasis,community,3131,3,India,Maharashtra,Pune,,,2016-07-01,unknown,,Sunday,,pune-oasis@example.org,https://example.org/pune-oasis,https://instagram.com/puneoasis,,,,"A community-based Rotaract club serving Pune, India.",2026-08-01
RC00218,IIT Pune,university,3131,3,India,Maharashtra,Pune,18.501615,73.888202,2022-07-01,inactive,Pune Community Hall,,18:30,iit-pune@example.org,,,,,,"A university-based Rotaract club serving Pune, India.",2026-08-01
RC00219,Pune Horizon 16,community,3131,3,India,Maharashtra,Pune,18.530562,73.83051,,active,Pune Community Hall,Friday,10:00,,https://example.org/pune-horizon-16,https://instagram.com/punehorizon16,https://facebook.com/pune-horizon-16,,,,2026-08-01
RC00220,NIT Pune,university,3131,3,India,Maharashtra,Pune,18.528245,73.838592,,active,,Saturday,18:30,nit-pune@example.org,,https://instagram.com/nitpune,,,https://youtube.com/@nitpune,,2026-08-01
RC00221,LUMS Pune,university,3131,3,India,Maharashtra,Pune,18.487918,73.88919,2008-07-01,active,,Sunday,17:00,lums-pune@example.org,,https://instagram.com/lumspune,,,,,2026-08-01
RC00222,Christ University Pune 19,university,3131,3,India,Maharashtra,Pune,18.536962,73.818269,2011-07-01,active,Pune Community Hall,Friday,,christ-university-pune-1@example.org,,,,,,"A university-based Rotaract club serving Pune, India.",2026-08-01
RC00223,Pune Heritage,community,3131,3,India,Maharashtra,Pune,18.537565,73.836891,2006-07-01,active,Pune Community Hall,Sunday,18:30,pune-heritage@example.org,https://example.org/pune-heritage,https://instagram.com/puneheritage,,,,,2026-08-01
RC00224,Symbiosis Pune 21,university,3131,3,India,Maharashtra,Pune,18.51249,73.854691,,unknown,Pune Community Hall,Saturday,,,https://example.org/symbiosis-pune-21,https://instagram.com/symbiosispune21,https://facebook.com/symbiosis-pune-21,,,"A university-based Rotaract club serving Pune, India.",2026-08-01
RC00225,Loyola College Pune 22,university,3131,3,India,Maharashtra,Pune,18.4953,73.889202,2020-07-01,active,,Wednesday,19:00,,,https://instagram.com/loyolacollegepune22,,https://linkedin.com/company/loyola-college-pune-22,,"A university-based Rotaract club serving Pune, India.",2026-08-01
RC00226,Christ University Pune 23,university,3131,3,India,Maharashtra,Pune,18.538766,73.881977,2021-07-01,active,Pune Community Hall,Friday,18:30,christ-university-pune-2@example.org,https://example.org/christ-university-pune-2,https://instagram.com/christuniversitypune2,https://facebook.com/christ-university-pune-2,,,"A university-based Rotaract club serving Pune, India.",2026-08-01
RC00227,Pune Summit,community,3131,3,India,Maharashtra,Pune,18.481093,73.867523,,active,,Wednesday,18:30,pune-summit@example.org,https://example.org/pune-summit,,,,,,2026-08-01
RC00228,Pune Horizon 25,community,3131,3,India,Maharashtra,Pune,18.558136,73.84348,2012-07-01,active,,,,pune-horizon-25@example.org,,https://instagram.com/punehorizon25,https://facebook.com/pune-horizon-25,https://linkedin.com/company/pune-horizon-25,,"A community-based Rotaract club serving Pune, India.",2026-08-01
RC00229,University of Ahmedabad,university,3051,2,India,Gujarat,Ahmedabad,22.992129,72.578771,2024-07-01,active,,Friday,19:00,university-of-ahmedabad@example.org,,,,,,,2026-08-01
RC00230,Manipal Academy Ahmedabad,university,3051,2,India,Gujarat,Ahmedabad,23.027534,72.569398,2019-07-01,active,Ahmedabad Community Hall,Sunday,,,https://example.org/manipal-academy-ahmedaba,https://instagram.com/manipalacademyahmedaba,,,,"A university-based Rotaract club serving Ahmedabad, India.",2026-08-01
RC00231,University of Ahmedabad 3,university,3051,2,India,Gujarat,Ahmedabad,23.042749,72.591576,2019-07-01,active,,Sunday,,,,,https://facebook.com/university-of-ahmedabad-,,,,2026-08-01
RC00232,Ahmedabad Summit,community,3051,2,India,Gujarat,Ahmedabad,23.032131,72.568968,2007-07-01,active,,Friday,,ahmedabad-summit@example.org,https://example.org/ahmedabad-summit,,https://facebook.com/ahmedabad-summit,,,"A community-based Rotaract club serving Ahmedabad, India.",2026-08-01
RC00233,NUST Ahmedabad,university,3051,2,India,Gujarat,Ahmedabad,23.055448,72.574768,2019-07-01,unknown,Ahmedabad Community Hall,Wednesday,10:00,nust-ahmedabad@example.org,,,,,,,2026-08-01
RC00234,University of Ahmedabad 6,university,3051,2,India,Gujarat,Ahmedabad,23.038891,72.592339,,active,Ahmedabad Community Hall,Wednesday,19:00,,,https://instagram.com/universityofahmedabad,,,,,2026-08-01
RC00235,St. Joseph's College Ahmedabad,university,3051,2,India,Gujarat,Ahmedabad,23.036432,72.544524,,active,Ahmedabad Community Hall,Saturday,10:00,st-joseph-s-college-ahme@example.org,,,https://facebook.com/st-joseph-s-college-ahme,,,"A university-based Rotaract club serving Ahmedabad, India.",2026-08-01
RC00236,Ahmedabad Metropolitan,community,3051,2,India,Gujarat,Ahmedabad,23.01434,72.582704,,active,,Wednesday,17:00,ahmedabad-metropolitan@example.org,,,,,,"A community-based Rotaract club serving Ahmedabad, India.",2026-08-01
RC00237,Ahmedabad Central,community,3051,2,India,Gujarat,Ahmedabad,23.025574,72.57541,,active,Ahmedabad Community Hall,Sunday,19:00,,,,,,,,2026-08-01
RC00238,Ahmedabad Metropolitan 10,community,3051,2,India,Gujarat,Ahmedabad,,,2008-07-01,active,,,17:00,ahmedabad-metropolitan-1@example.org,,,https://facebook.com/ahmedabad-metropolitan-1,,,,2026-08-01
RC00239,Ahmedabad Metropolitan 11,community,3051,2,India,Gujarat,Ahmedabad,23.057595,72.597266,2008-07-01,unknown,Ahmedabad Community Hall,,,,,https://instagram.com/ahmedabadmetropolitan1,,,,,2026-08-01
RC00240,IIT Ahmedabad,university,3051,2,India,Gujarat,Ahmedabad,23.001385,72.554709,2015-07-01,inactive,,Wednesday,17:00,,,,,,,"A university-based Rotaract club serving Ahmedabad, India.",2026-08-01
RC00241,BITS Ahmedabad,university,3051,2,India,Gujarat,Ahmedabad,23.022648,72.547888,2023-07-01,active,,,10:00,bits-ahmedabad@example.org,,https://instagram.com/bitsahmedabad,,,,,2026-08-01
RC00242,University of Ahmedabad 14,university,3051,2,India,Gujarat,Ahmedabad,22.993357,72.591912,,active,,,18:30,university-of-ahmedabad-@example.org,,https://instagram.com/universityofahmedabad,,,,,2026-08-01
RC00243,Ahmedabad Central 15,community,3051,2,India,Gujarat,Ahmedabad,23.005931,72.598921,2020-07-01,active,Ahmedabad Community Hall,Friday,10:00,ahmedabad-central-15@example.org,,https://instagram.com/ahmedabadcentral15,https://facebook.com/ahmedabad-central-15,,,"A community-based Rotaract club serving Ahmedabad, India.",2026-08-01
RC00244,Ahmedabad Crescent,community,3051,2,India,Gujarat,Ahmedabad,23.019348,72.543912,2015-07-01,active,Ahmedabad Community Hall,,,ahmedabad-crescent@example.org,,,https://facebook.com/ahmedabad-crescent,,,,2026-08-01
RC00245,Ahmedabad Sunrise,community,3051,2,India,Gujarat,Ahmedabad,23.003293,72.555202,2024-07-01,inactive,,Wednesday,,,,https://instagram.com/ahmedabadsunrise,,,,,2026-08-01
RC00246,Christ University Ahmedabad,university,3051,2,India,Gujarat,Ahmedabad,23.047977,72.591432,2017-07-01,active,Ahmedabad Community Hall,,,,https://example.org/christ-university-ahmeda,https://instagram.com/christuniversityahmeda,,,,"A university-based Rotaract club serving Ahmedabad, India.",2026-08-01
RC00247,Jaipur,community,3052,2,India,Rajasthan,Jaipur,26.923192,75.780284,2022-07-01,active,Jaipur Community Hall,Friday,17:00,,,,,,,,2026-08-01
RC00248,LUMS Jaipur,university,3052,2,India,Rajasthan,Jaipur,26.902632,75.755335,2017-07-01,active,,,,,,https://instagram.com/lumsjaipur,,,,,2026-08-01
RC00249,IIT Jaipur,university,3052,2,India,Rajasthan,Jaipur,26.913067,75.810509,2014-07-01,active,Jaipur Community Hall,Saturday,18:30,iit-jaipur@example.org,,https://instagram.com/iitjaipur,https://facebook.com/iit-jaipur,,,,2026-08-01
RC00250,Christ University Jaipur,university,3052,2,India,Rajasthan,Jaipur,26.950542,75.773529,2024-07-01,active,,,17:00,christ-university-jaipur@example.org,https://example.org/christ-university-jaipur,https://instagram.com/christuniversityjaipur,https://facebook.com/christ-university-jaipur,,,"A university-based Rotaract club serving Jaipur, India.",2026-08-01
RC00251,Christ University Jaipur 5,university,3052,2,India,Rajasthan,Jaipur,26.907943,75.76723,,active,,Sunday,17:00,christ-university-jaipur@example.org,,,,,,"A university-based Rotaract club serving Jaipur, India.",2026-08-01
RC00252,Jaipur Central,community,3052,2,India,Rajasthan,Jaipur,26.949173,75.773941,2006-07-01,inactive,Jaipur Community Hall,Sunday,18:30,jaipur-central@example.org,,,,,,"A community-based Rotaract club serving Jaipur, India.",2026-08-01
RC00253,BITS Jaipur,university,3052,2,India,Rajasthan,Jaipur,26.908281,75.752472,,active,,,10:00,,,,,,,,2026-08-01
RC00254,Jaipur Sunrise,community,3052,2,India,Rajasthan,Jaipur,26.917841,75.755204,2012-07-01,unknown,Jaipur Community Hall,,17:00,jaipur-sunrise@example.org,,,,https://linkedin.com/company/jaipur-sunrise,,,2026-08-01
RC00255,University of Jaipur,university,3052,2,India,Rajasthan,Jaipur,26.94108,75.817607,2010-07-01,unknown,Jaipur Community Hall,Saturday,19:00,university-of-jaipur@example.org,https://example.org/university-of-jaipur,https://instagram.com/universityofjaipur,,,,,2026-08-01
RC00256,Loyola College Jaipur,university,3052,2,India,Rajasthan,Jaipur,26.917258,75.756355,,active,,Saturday,17:00,loyola-college-jaipur@example.org,https://example.org/loyola-college-jaipur,,,,,,2026-08-01
RC00257,IIT Jaipur 11,university,3052,2,India,Rajasthan,Jaipur,26.94604,75.779514,,unknown,,Wednesday,,iit-jaipur-11@example.org,,,https://facebook.com/iit-jaipur-11,,,"A university-based Rotaract club serving Jaipur, India.",2026-08-01
RC00258,St. Joseph's College Jaipur,university,3052,2,India,Rajasthan,Jaipur,26.890188,75.760884,,active,Jaipur Community Hall,Friday,17:00,,,https://instagram.com/stjosephscollegejaip,https://facebook.com/st-joseph-s-college-jaip,,,"A university-based Rotaract club serving Jaipur, India.",2026-08-01
RC00259,Jaipur Downtown,community,3052,2,India,Rajasthan,Jaipur,26.940704,75.78888,,inactive,Jaipur Community Hall,Sunday,,,,https://instagram.com/jaipurdowntown,,,,"A community-based Rotaract club serving Jaipur, India.",2026-08-01
RC00260,Jaipur Summit,community,3052,2,India,Rajasthan,Jaipur,26.924656,75.80557,2021-07-01,unknown,,,17:00,jaipur-summit@example.org,https://example.org/jaipur-summit,,https://facebook.com/jaipur-summit,,,"A community-based Rotaract club serving Jaipur, India.",2026-08-01
RC00261,Jaipur Heritage,community,3052,2,India,Rajasthan,Jaipur,26.933252,75.75336,,unknown,,Friday,19:00,,https://example.org/jaipur-heritage,https://instagram.com/jaipurheritage,,https://linkedin.com/company/jaipur-heritage,,,2026-08-01
RC00262,Kochi,community,3201,5,India,Kerala,Kochi,9.933508,76.242803,,active,,Friday,,,https://example.org/kochi,https://instagram.com/kochi,,https://linkedin.com/company/kochi,,,2026-08-01
RC00263,NUST Kochi,university,3201,5,India,Kerala,Kochi,9.922299,76.280742,2007-07-01,unknown,,Friday,,,https://example.org/nust-kochi,,https://facebook.com/nust-kochi,,,,2026-08-01
RC00264,Kochi Heritage,community,3201,5,India,Kerala,Kochi,9.940265,76.266214,2021-07-01,unknown,,,,,,https://instagram.com/kochiheritage,https://facebook.com/kochi-heritage,,,"A community-based Rotaract club serving Kochi, India.",2026-08-01
RC00265,Symbiosis Kochi,university,3201,5,India,Kerala,Kochi,9.905822,76.303786,,unknown,Kochi Community Hall,Saturday,18:30,symbiosis-kochi@example.org,,https://instagram.com/symbiosiskochi,,,https://youtube.com/@symbiosiskochi,,2026-08-01
RC00266,Jawaharlal Nehru University Kochi,university,3201,5,India,Kerala,Kochi,9.90798,76.279021,2017-07-01,active,,Wednesday,19:00,jawaharlal-nehru-univers@example.org,,,https://facebook.com/jawaharlal-nehru-univers,,,,2026-08-01
RC00267,Kochi Lakeview,community,3201,5,India,Kerala,Kochi,9.937515,76.306938,2021-07-01,active,Kochi Community Hall,,,,,https://instagram.com/kochilakeview,https://facebook.com/kochi-lakeview,,https://youtube.com/@kochilakeview,,2026-08-01
RC00268,Kochi Frontier,community,3201,5,India,Kerala,Kochi,9.943527,76.284804,,inactive,,Friday,18:30,,,https://instagram.com/kochifrontier,,,,"A community-based Rotaract club serving Kochi, India.",2026-08-01
RC00269,Kochi Frontier 8,community,3201,5,India,Kerala,Kochi,9.967845,76.280233,,inactive,Kochi Community Hall,Wednesday,,kochi-frontier-8@example.org,,,https://facebook.com/kochi-frontier-8,,,,2026-08-01
RC00270,Symbiosis Kochi 9,university,3201,5,India,Kerala,Kochi,9.936222,76.243479,2009-07-01,inactive,Kochi Community Hall,,19:00,symbiosis-kochi-9@example.org,,,,,https://youtube.com/@symbiosiskochi9,,2026-08-01
RC00271,Kochi Beacon,community,3201,5,India,Kerala,Kochi,,,,active,,Friday,10:00,kochi-beacon@example.org,,,,,,"A community-based Rotaract club serving Kochi, India.",2026-08-01
RC00272,Amrita Vishwa Vidyapeetham Kochi,university,3201,5,India,Kerala,Kochi,9.912157,76.285971,2012-07-01,active,Kochi Community Hall,,10:00,amrita-vishwa-vidyapeeth@example.org,,,https://facebook.com/amrita-vishwa-vidyapeeth,,,"A university-based Rotaract club serving Kochi, India.",2026-08-01
RC00273,NIT Kochi,university,3201,5,India,Kerala,Kochi,9.906567,76.243678,2018-07-01,active,,Friday,,,,https://instagram.com/nitkochi,https://facebook.com/nit-kochi,,,,2026-08-01
RC00274,Kochi Unity,community,3201,5,India,Kerala,Kochi,9.951117,76.28934,2012-07-01,active,,,19:00,kochi-unity@example.org,,https://instagram.com/kochiunity,,,,,2026-08-01
RC00275,Symbiosis Kochi 14,university,3201,5,India,Kerala,Kochi,9.943867,76.241821,2017-07-01,active,Kochi Community Hall,,19:00,symbiosis-kochi-14@example.org,,https://instagram.com/symbiosiskochi14,,,,"A university-based Rotaract club serving Kochi, India.",2026-08-01
RC00276,Jawaharlal Nehru University Kochi 15,university,3201,5,India,Kerala,Kochi,9.946043,76.236861,2005-07-01,active,Kochi Community Hall,,17:00,jawaharlal-nehru-univers@example.org,,,,,,,2026-08-01
RC00277,Symbiosis Kochi 16,university,3201,5,India,Kerala,Kochi,9.909626,76.239244,2015-07-01,active,Kochi Community Hall,Sunday,,,https://example.org/symbiosis-kochi-16,https://instagram.com/symbiosiskochi16,https://facebook.com/symbiosis-kochi-16,,,,2026-08-01
RC00278,Lucknow,community,3110,1,India,Uttar Pradesh,Lucknow,26.860341,80.909288,2010-07-01,active,Lucknow Community Hall,Sunday,17:00,,,,https://facebook.com/lucknow,,,,2026-08-01
RC00279,Lucknow Riverside,community,3110,1,India,Uttar Pradesh,Lucknow,26.880706,80.91125,,inactive,Lucknow Community Hall,,10:00,,https://example.org/lucknow-riverside,https://instagram.com/lucknowriverside,,https://linkedin.com/company/lucknow-riverside,,"A community-based Rotaract club serving Lucknow, India.",2026-08-01
RC00280,Lucknow Frontier,community,3110,1,India,Uttar Pradesh,Lucknow,26.855409,80.961633,2017-07-01,active,Lucknow Community Hall,Friday,18:30,lucknow-frontier@example.org,,,,,,"A community-based Rotaract club serving Lucknow, India.",2026-08-01
RC00281,Lucknow Harmony,community,3110,1,India,Uttar Pradesh,Lucknow,26.848424,80.958913,,active,,,17:00,,https://example.org/lucknow-harmony,https://instagram.com/lucknowharmony,,,,"A community-based Rotaract club serving Lucknow, India.",2026-08-01
RC00282,Presidency College Lucknow,university,3110,1,India,Uttar Pradesh,Lucknow,26.843653,80.912518,2023-07-01,active,Lucknow Community Hall,Friday,17:00,presidency-college-luckn@example.org,https://example.org/presidency-college-luckn,https://instagram.com/presidencycollegeluckn,https://facebook.com/presidency-college-luckn,,,,2026-08-01
RC00283,Lucknow Capitol,community,3110,1,India,Uttar Pradesh,Lucknow,26.845694,80.960051,2010-07-01,active,,Saturday,,,,,https://facebook.com/lucknow-capitol,,,"A community-based Rotaract club serving Lucknow, India.",2026-08-01
RC00284,Lucknow Garden City,community,3110,1,India,Uttar Pradesh,Lucknow,26.829241,80.960045,2023-07-01,active,,Saturday,19:00,,,,https://facebook.com/lucknow-garden-city,,,"A community-based Rotaract club serving Lucknow, India.",2026-08-01
RC00285,Presidency College Lucknow 8,university,3110,1,India,Uttar Pradesh,Lucknow,26.865057,80.91452,,active,Lucknow Community Hall,,19:00,,,,https://facebook.com/presidency-college-luckn,,,,2026-08-01
RC00286,Lucknow Downtown,community,3110,1,India,Uttar Pradesh,Lucknow,26.846578,80.970597,2019-07-01,active,Lucknow Community Hall,Friday,,lucknow-downtown@example.org,https://example.org/lucknow-downtown,,,,https://youtube.com/@lucknowdowntown,,2026-08-01
RC00287,Lucknow Frontier 10,community,3110,1,India,Uttar Pradesh,Lucknow,26.866547,80.922228,,active,,Saturday,,lucknow-frontier-10@example.org,,,https://facebook.com/lucknow-frontier-10,,https://youtube.com/@lucknowfrontier10,,2026-08-01
RC00288,Amrita Vishwa Vidyapeetham Lucknow,university,3110,1,India,Uttar Pradesh,Lucknow,26.833469,80.980501,2013-07-01,active,Lucknow Community Hall,,18:30,amrita-vishwa-vidyapeeth@example.org,,,,,,,2026-08-01
RC00289,Lucknow Downtown 12,community,3110,1,India,Uttar Pradesh,Lucknow,26.869287,80.940916,2016-07-01,active,,Sunday,17:00,lucknow-downtown-12@example.org,,,https://facebook.com/lucknow-downtown-12,,,,2026-08-01
RC00290,Lucknow Lakeview,community,3110,1,India,Uttar Pradesh,Lucknow,26.868082,80.964746,,active,Lucknow Community Hall,Friday,10:00,,,,,,,"A community-based Rotaract club serving Lucknow, India.",2026-08-01
RC00291,Lucknow Gateway,community,3110,1,India,Uttar Pradesh,Lucknow,26.842113,80.948214,2019-07-01,active,,Sunday,,lucknow-gateway@example.org,,,,,,,2026-08-01
RC00292,Christ University Chandigarh,university,3080,1,India,Chandigarh,Chandigarh,30.77306,76.754911,,unknown,Chandigarh Community Hall,Saturday,18:30,christ-university-chandi@example.org,https://example.org/christ-university-chandi,https://instagram.com/christuniversitychandi,https://facebook.com/christ-university-chandi,,,,2026-08-01
RC00293,Chandigarh Riverside,community,3080,1,India,Chandigarh,Chandigarh,30.71421,76.810639,2009-07-01,inactive,Chandigarh Community Hall,Wednesday,18:30,,,,https://facebook.com/chandigarh-riverside,,,"A community-based Rotaract club serving Chandigarh, India.",2026-08-01
RC00294,NIT Chandigarh,university,3080,1,India,Chandigarh,Chandigarh,30.706538,76.808051,2017-07-01,active,Chandigarh Community Hall,,18:30,,,,https://facebook.com/nit-chandigarh,https://linkedin.com/company/nit-chandigarh,,,2026-08-01
RC00295,Presidency College Chandigarh,university,3080,1,India,Chandigarh,Chandigarh,30.750152,76.741871,2014-07-01,active,Chandigarh Community Hall,Saturday,17:00,presidency-college-chand@example.org,,https://instagram.com/presidencycollegechand,,,,"A university-based Rotaract club serving Chandigarh, India.",2026-08-01
RC00296,Chandigarh Central,community,3080,1,India,Chandigarh,Chandigarh,30.744716,76.749866,2011-07-01,active,,Saturday,19:00,,,https://instagram.com/chandigarhcentral,,,,,2026-08-01
RC00297,Amrita Vishwa Vidyapeetham Chandigarh,university,3080,1,India,Chandigarh,Chandigarh,,,2006-07-01,active,,,10:00,amrita-vishwa-vidyapeeth@example.org,https://example.org/amrita-vishwa-vidyapeeth,https://instagram.com/amritavishwavidyapeeth,https://facebook.com/amrita-vishwa-vidyapeeth,,,,2026-08-01
RC00298,BITS Chandigarh,university,3080,1,India,Chandigarh,Chandigarh,30.745728,76.787857,2010-07-01,active,,,19:00,bits-chandigarh@example.org,https://example.org/bits-chandigarh,,,,https://youtube.com/@bitschandigarh,,2026-08-01
RC00299,Chandigarh Lakeview,community,3080,1,India,Chandigarh,Chandigarh,30.696577,76.766739,,active,,,17:00,,,,https://facebook.com/chandigarh-lakeview,,,,2026-08-01
RC00300,Chandigarh Sunrise,community,3080,1,India,Chandigarh,Chandigarh,30.744422,76.750595,,active,,Sunday,,chandigarh-sunrise@example.org,https://example.org/chandigarh-sunrise,,,,,,2026-08-01
RC00301,LUMS Chandigarh,university,3080,1,India,Chandigarh,Chandigarh,30.694701,76.76428,,active,Chandigarh Community Hall,Wednesday,,lums-chandigarh@example.org,,https://instagram.com/lumschandigarh,https://facebook.com/lums-chandigarh,,,,2026-08-01
RC00302,NUST Chandigarh,university,3080,1,India,Chandigarh,Chandigarh,30.705371,76.749474,,unknown,Chandigarh Community Hall,,,nust-chandigarh@example.org,,https://instagram.com/nustchandigarh,https://facebook.com/nust-chandigarh,,,"A university-based Rotaract club serving Chandigarh, India.",2026-08-01
RC00303,Chandigarh Harmony,community,3080,1,India,Chandigarh,Chandigarh,30.713761,76.78336,2021-07-01,active,Chandigarh Community Hall,,18:30,chandigarh-harmony@example.org,,,,,,"A community-based Rotaract club serving Chandigarh, India.",2026-08-01
RC00304,Loyola College Colombo,university,3220,7,Sri Lanka,Western Province,Colombo,6.966036,79.863951,2017-07-01,unknown,Colombo Community Hall,Sunday,,loyola-college-colombo@example.org,https://example.org/loyola-college-colombo,,,,,"A university-based Rotaract club serving Colombo, Sri Lanka.",2026-08-01
RC00305,Colombo Beacon,community,3220,7,Sri Lanka,Western Province,Colombo,6.957566,79.827192,,active,Colombo Community Hall,,18:30,colombo-beacon@example.org,,https://instagram.com/colombobeacon,https://facebook.com/colombo-beacon,,,"A community-based Rotaract club serving Colombo, Sri Lanka.",2026-08-01
RC00306,Loyola College Colombo 3,university,3220,7,Sri Lanka,Western Province,Colombo,6.955202,79.873782,2022-07-01,unknown,Colombo Community Hall,Friday,19:00,loyola-college-colombo-3@example.org,,,,,,,2026-08-01
RC00307,Amrita Vishwa Vidyapeetham Colombo,university,3220,7,Sri Lanka,Western Province,Colombo,6.904184,79.847058,,unknown,Colombo Community Hall,Wednesday,17:00,,,https://instagram.com/amritavishwavidyapeeth,https://facebook.com/amrita-vishwa-vidyapeeth,https://linkedin.com/company/amrita-vishwa-vidyapeeth,,"A university-based Rotaract club serving Colombo, Sri Lanka.",2026-08-01
RC00308,Colombo Sunrise,community,3220,7,Sri Lanka,Western Province,Colombo,6.912984,79.84732,,active,Colombo Community Hall,Sunday,10:00,colombo-sunrise@example.org,https://example.org/colombo-sunrise,https://instagram.com/colombosunrise,https://facebook.com/colombo-sunrise,,,"A community-based Rotaract club serving Colombo, Sri Lanka.",2026-08-01
RC00309,Colombo Riverside,community,3220,7,Sri Lanka,Western Province,Colombo,6.966343,79.871293,2010-07-01,unknown,Colombo Community Hall,,,,,,,,,"A community-based Rotaract club serving Colombo, Sri Lanka.",2026-08-01
RC00310,Colombo Garden City,community,3220,7,Sri Lanka,Western Province,Colombo,6.962566,79.834494,2008-07-01,inactive,,Saturday,19:00,colombo-garden-city@example.org,,https://instagram.com/colombogardencity,,,,,2026-08-01
RC00311,Colombo Pearl,community,3220,7,Sri Lanka,Western Province,Colombo,6.964287,79.884369,2024-07-01,inactive,,Saturday,10:00,,https://example.org/colombo-pearl,,https://facebook.com/colombo-pearl,,,,2026-08-01
RC00312,Colombo Unity,community,3220,7,Sri Lanka,Western Province,Colombo,6.950824,79.899681,,active,,Saturday,17:00,colombo-unity@example.org,,,,,,,2026-08-01
RC00313,Colombo Central,community,3220,7,Sri Lanka,Western Province,Colombo,6.957651,79.869364,2016-07-01,unknown,Colombo Community Hall,,,,,,,,https://youtube.com/@colombocentral,,2026-08-01
RC00314,Colombo Summit,community,3220,7,Sri Lanka,Western Province,Colombo,6.95564,79.896207,2018-07-01,active,Colombo Community Hall,Saturday,,colombo-summit@example.org,https://example.org/colombo-summit,https://instagram.com/colombosummit,https://facebook.com/colombo-summit,,,,2026-08-01
RC00315,Colombo Riverside 12,community,3220,7,Sri Lanka,Western Province,Colombo,6.891886,79.863401,,active,Colombo Community Hall,Wednesday,17:00,,https://example.org/colombo-riverside-12,https://instagram.com/colomboriverside12,,https://linkedin.com/company/colombo-riverside-12,,"A community-based Rotaract club serving Colombo, Sri Lanka.",2026-08-01
RC00316,University of Dhaka Colombo,university,3220,7,Sri Lanka,Western Province,Colombo,6.912248,79.86012,2019-07-01,active,Colombo Community Hall,Friday,17:00,,https://example.org/university-of-dhaka-colo,https://instagram.com/universityofdhakacolo,https://facebook.com/university-of-dhaka-colo,,https://youtube.com/@universityofdhakacolo,,2026-08-01
RC00317,Colombo Heritage,community,3220,7,Sri Lanka,Western Province,Colombo,6.91249,79.823765,,inactive,Colombo Community Hall,Friday,19:00,,,https://instagram.com/colomboheritage,,,,,2026-08-01
RC00318,Colombo Sunrise 15,community,3220,7,Sri Lanka,Western Province,Colombo,6.892268,79.875586,2022-07-01,active,,Friday,,colombo-sunrise-15@example.org,,,https://facebook.com/colombo-sunrise-15,https://linkedin.com/company/colombo-sunrise-15,,"A community-based Rotaract club serving Colombo, Sri Lanka.",2026-08-01
RC00319,Colombo Oasis,community,3220,7,Sri Lanka,Western Province,Colombo,6.960195,79.886566,2020-07-01,active,Colombo Community Hall,Friday,18:30,,,,,,,"A community-based Rotaract club serving Colombo, Sri Lanka.",2026-08-01
RC00320,Manipal Academy Colombo,university,3220,7,Sri Lanka,Western Province,Colombo,6.897631,79.881238,2009-07-01,unknown,Colombo Community Hall,Saturday,19:00,manipal-academy-colombo@example.org,,https://instagram.com/manipalacademycolombo,https://facebook.com/manipal-academy-colombo,,,"A university-based Rotaract club serving Colombo, Sri Lanka.",2026-08-01
RC00321,Colombo Sunrise 18,community,3220,7,Sri Lanka,Western Province,Colombo,6.931238,79.844952,2009-07-01,active,Colombo Community Hall,,,,https://example.org/colombo-sunrise-18,,https://facebook.com/colombo-sunrise-18,,,"A community-based Rotaract club serving Colombo, Sri Lanka.",2026-08-01
RC00322,NIT Colombo,university,3220,7,Sri Lanka,Western Province,Colombo,6.949859,79.895729,2015-07-01,active,,Friday,10:00,nit-colombo@example.org,,https://instagram.com/nitcolombo,,,,"A university-based Rotaract club serving Colombo, Sri Lanka.",2026-08-01
RC00323,NIT Colombo 20,university,3220,7,Sri Lanka,Western Province,Colombo,,,2020-07-01,active,,,17:00,nit-colombo-20@example.org,,https://instagram.com/nitcolombo20,,,,"A university-based Rotaract club serving Colombo, Sri Lanka.",2026-08-01
RC00324,Colombo Crescent,community,3220,7,Sri Lanka,Western Province,Colombo,6.955226,79.842173,2017-07-01,active,,Friday,17:00,colombo-crescent@example.org,https://example.org/colombo-crescent,https://instagram.com/colombocrescent,,,,"A community-based Rotaract club serving Colombo, Sri Lanka.",2026-08-01
RC00325,Christ University Colombo,university,3220,7,Sri Lanka,Western Province,Colombo,6.95197,79.856695,2013-07-01,active,Colombo Community Hall,Wednesday,,,,,,,,,2026-08-01
RC00326,Amrita Vishwa Vidyapeetham Kandy,university,3220,7,Sri Lanka,Central Province,Kandy,7.260808,80.611985,,inactive,,Sunday,,amrita-vishwa-vidyapeeth@example.org,,,,https://linkedin.com/company/amrita-vishwa-vidyapeeth,,,2026-08-01
RC00327,Kandy Garden City,community,3220,7,Sri Lanka,Central Province,Kandy,7.31948,80.624875,2012-07-01,inactive,Kandy Community Hall,Saturday,17:00,kandy-garden-city@example.org,https://example.org/kandy-garden-city,,https://facebook.com/kandy-garden-city,https://linkedin.com/company/kandy-garden-city,,,2026-08-01
RC00328,Kandy Phoenix,community,3220,7,Sri Lanka,Central Province,Kandy,7.254738,80.67322,2023-07-01,active,,,,kandy-phoenix@example.org,,,https://facebook.com/kandy-phoenix,,,,2026-08-01
RC00329,Kandy Lakeview,community,3220,7,Sri Lanka,Central Province,Kandy,7.292174,80.604126,2019-07-01,active,,Saturday,18:30,kandy-lakeview@example.org,,,,,,,2026-08-01
RC00330,University of Kandy,university,3220,7,Sri Lanka,Central Province,Kandy,,,,active,,Saturday,17:00,university-of-kandy@example.org,,,,,,,2026-08-01
RC00331,Kandy Riverside,community,3220,7,Sri Lanka,Central Province,Kandy,7.285427,80.66445,2013-07-01,inactive,Kandy Community Hall,Wednesday,,kandy-riverside@example.org,https://example.org/kandy-riverside,,https://facebook.com/kandy-riverside,,,"A community-based Rotaract club serving Kandy, Sri Lanka.",2026-08-01
RC00332,Kandy Phoenix 7,community,3220,7,Sri Lanka,Central Province,Kandy,7.316655,80.668101,2012-07-01,active,Kandy Community Hall,,17:00,kandy-phoenix-7@example.org,,https://instagram.com/kandyphoenix7,https://facebook.com/kandy-phoenix-7,https://linkedin.com/company/kandy-phoenix-7,,"A community-based Rotaract club serving Kandy, Sri Lanka.",2026-08-01
RC00333,University of Kandy 8,university,3220,7,Sri Lanka,Central Province,Kandy,7.308814,80.620556,2023-07-01,inactive,,Wednesday,,university-of-kandy-8@example.org,,https://instagram.com/universityofkandy8,https://facebook.com/university-of-kandy-8,,,"A university-based Rotaract club serving Kandy, Sri Lanka.",2026-08-01
RC00334,LUMS Kandy,university,3220,7,Sri Lanka,Central Province,Kandy,7.26494,80.615741,,active,,,,,,,https://facebook.com/lums-kandy,https://linkedin.com/company/lums-kandy,,,2026-08-01
RC00335,Kandy Sunrise,community,3220,7,Sri Lanka,Central Province,Kandy,7.317004,80.634525,2015-07-01,active,,,,kandy-sunrise@example.org,https://example.org/kandy-sunrise,,,,,,2026-08-01
RC00336,Kathmandu,community,3292,8,Nepal,Bagmati,Kathmandu,27.694885,85.294435,2007-07-01,active,,Friday,17:00,kathmandu@example.org,https://example.org/kathmandu,,https://facebook.com/kathmandu,https://linkedin.com/company/kathmandu,,,2026-08-01
RC00337,Kathmandu Unity,community,3292,8,Nepal,Bagmati,Kathmandu,27.693609,85.333107,2024-07-01,active,Kathmandu Community Hall,,19:00,,,https://instagram.com/kathmanduunity,,,,"A community-based Rotaract club serving Kathmandu, Nepal.",2026-08-01
RC00338,Kathmandu Lakeview,community,3292,8,Nepal,Bagmati,Kathmandu,27.685688,85.292821,,active,Kathmandu Community Hall,Saturday,19:00,,,,,,,,2026-08-01
RC00339,Kathmandu Gateway,community,3292,8,Nepal,Bagmati,Kathmandu,27.714924,85.337536,2008-07-01,active,,,10:00,,https://example.org/kathmandu-gateway,,,,,"A community-based Rotaract club serving Kathmandu, Nepal.",2026-08-01
RC00340,Kathmandu Sunrise,community,3292,8,Nepal,Bagmati,Kathmandu,27.708421,85.324823,2007-07-01,active,Kathmandu Community Hall,,10:00,kathmandu-sunrise@example.org,https://example.org/kathmandu-sunrise,,https://facebook.com/kathmandu-sunrise,,,"A community-based Rotaract club serving Kathmandu, Nepal.",2026-08-01
RC00341,Kathmandu Frontier,community,3292,8,Nepal,Bagmati,Kathmandu,27.741124,85.295257,2010-07-01,active,,Wednesday,,kathmandu-frontier@example.org,,https://instagram.com/kathmandufrontier,,,,,2026-08-01
RC00342,Kathmandu Harmony,community,3292,8,Nepal,Bagmati,Kathmandu,27.715116,85.363035,,active,,,18:30,,https://example.org/kathmandu-harmony,https://instagram.com/kathmanduharmony,,,,"A community-based Rotaract club serving Kathmandu, Nepal.",2026-08-01
RC00343,Kathmandu Sunrise 8,community,3292,8,Nepal,Bagmati,Kathmandu,27.717185,85.319326,2006-07-01,active,Kathmandu Community Hall,,10:00,kathmandu-sunrise-8@example.org,https://example.org/kathmandu-sunrise-8,https://instagram.com/kathmandusunrise8,,https://linkedin.com/company/kathmandu-sunrise-8,,,2026-08-01
RC00344,LUMS Kathmandu,university,3292,8,Nepal,Bagmati,Kathmandu,27.738148,85.319634,,inactive,,Wednesday,10:00,lums-kathmandu@example.org,,,,,https://youtube.com/@lumskathmandu,"A university-based Rotaract club serving Kathmandu, Nepal.",2026-08-01
RC00345,Kathmandu Horizon,community,3292,8,Nepal,Bagmati,Kathmandu,27.751259,85.340235,2011-07-01,active,,Friday,17:00,kathmandu-horizon@example.org,,https://instagram.com/kathmanduhorizon,,https://linkedin.com/company/kathmandu-horizon,,"A community-based Rotaract club serving Kathmandu, Nepal.",2026-08-01
RC00346,Manipal Academy Kathmandu,university,3292,8,Nepal,Bagmati,Kathmandu,27.717614,85.309249,,active,,Sunday,,manipal-academy-kathmand@example.org,,https://instagram.com/manipalacademykathmand,,,,"A university-based Rotaract club serving Kathmandu, Nepal.",2026-08-01
RC00347,Kathmandu Riverside,community,3292,8,Nepal,Bagmati,Kathmandu,27.714867,85.2936,,active,Kathmandu Community Hall,Friday,17:00,kathmandu-riverside@example.org,,https://instagram.com/kathmanduriverside,,,,"A community-based Rotaract club serving Kathmandu, Nepal.",2026-08-01
RC00348,Amrita Vishwa Vidyapeetham Kathmandu,university,3292,8,Nepal,Bagmati,Kathmandu,27.724834,85.316739,,active,,,18:30,amrita-vishwa-vidyapeeth@example.org,,,https://facebook.com/amrita-vishwa-vidyapeeth,,,"A university-based Rotaract club serving Kathmandu, Nepal.",2026-08-01
RC00349,Kathmandu Garden City,community,3292,8,Nepal,Bagmati,Kathmandu,27.705601,85.284927,2023-07-01,unknown,Kathmandu Community Hall,,19:00,kathmandu-garden-city@example.org,,https://instagram.com/kathmandugardencity,https://facebook.com/kathmandu-garden-city,,,,2026-08-01
RC00350,Kathmandu Summit,community,3292,8,Nepal,Bagmati,Kathmandu,27.708425,85.332648,2013-07-01,inactive,,Saturday,19:00,kathmandu-summit@example.org,https://example.org/kathmandu-summit,,https://facebook.com/kathmandu-summit,,,,2026-08-01
RC00351,Kathmandu Downtown,community,3292,8,Nepal,Bagmati,Kathmandu,27.700833,85.29968,2009-07-01,unknown,,,,,https://example.org/kathmandu-downtown,,,,,,2026-08-01
RC00352,Kathmandu Capitol,community,3292,8,Nepal,Bagmati,Kathmandu,27.705993,85.319282,,active,,Friday,18:30,kathmandu-capitol@example.org,,https://instagram.com/kathmanducapitol,https://facebook.com/kathmandu-capitol,,,"A community-based Rotaract club serving Kathmandu, Nepal.",2026-08-01
RC00353,Kathmandu Gateway 18,community,3292,8,Nepal,Bagmati,Kathmandu,27.732414,85.314946,2015-07-01,active,Kathmandu Community Hall,,18:30,kathmandu-gateway-18@example.org,,https://instagram.com/kathmandugateway18,https://facebook.com/kathmandu-gateway-18,,https://youtube.com/@kathmandugateway18,,2026-08-01
RC00354,Kathmandu Capitol 19,community,3292,8,Nepal,Bagmati,Kathmandu,27.712418,85.314178,2013-07-01,inactive,Kathmandu Community Hall,,10:00,kathmandu-capitol-19@example.org,,,,https://linkedin.com/company/kathmandu-capitol-19,,,2026-08-01
RC00355,Kathmandu Harmony 20,community,3292,8,Nepal,Bagmati,Kathmandu,27.730299,85.295638,2007-07-01,active,,Saturday,,kathmandu-harmony-20@example.org,,https://instagram.com/kathmanduharmony20,https://facebook.com/kathmandu-harmony-20,,,"A community-based Rotaract club serving Kathmandu, Nepal.",2026-08-01
RC00356,University of Colombo Pokhara,university,3292,8,Nepal,Gandaki,Pokhara,28.20436,83.970604,,active,,,10:00,,,,,,,,2026-08-01
RC00357,Presidency College Pokhara,university,3292,8,Nepal,Gandaki,Pokhara,28.204656,83.988166,,active,,,,presidency-college-pokha@example.org,,,https://facebook.com/presidency-college-pokha,,,,2026-08-01
RC00358,Pokhara Phoenix,community,3292,8,Nepal,Gandaki,Pokhara,28.210741,83.953286,2023-07-01,active,,,10:00,pokhara-phoenix@example.org,,https://instagram.com/pokharaphoenix,https://facebook.com/pokhara-phoenix,,,,2026-08-01
RC00359,Pokhara Heritage,community,3292,8,Nepal,Gandaki,Pokhara,28.185872,83.951326,2015-07-01,active,Pokhara Community Hall,Friday,,pokhara-heritage@example.org,https://example.org/pokhara-heritage,https://instagram.com/pokharaheritage,https://facebook.com/pokhara-heritage,,,"A community-based Rotaract club serving Pokhara, Nepal.",2026-08-01
RC00360,Pokhara Pearl,community,3292,8,Nepal,Gandaki,Pokhara,28.225042,83.957418,2010-07-01,active,,Friday,10:00,pokhara-pearl@example.org,https://example.org/pokhara-pearl,https://instagram.com/pokharapearl,https://facebook.com/pokhara-pearl,,,,2026-08-01
RC00361,Loyola College Pokhara,university,3292,8,Nepal,Gandaki,Pokhara,28.191432,84.01338,2013-07-01,active,,Sunday,18:30,loyola-college-pokhara@example.org,https://example.org/loyola-college-pokhara,https://instagram.com/loyolacollegepokhara,https://facebook.com/loyola-college-pokhara,,,,2026-08-01
RC00362,Jawaharlal Nehru University Pokhara,university,3292,8,Nepal,Gandaki,Pokhara,28.197758,83.948544,,unknown,Pokhara Community Hall,,10:00,,,https://instagram.com/jawaharlalnehruunivers,,,,"A university-based Rotaract club serving Pokhara, Nepal.",2026-08-01
RC00363,Pokhara Riverside,community,3292,8,Nepal,Gandaki,Pokhara,28.172023,84.012149,2012-07-01,active,,,,pokhara-riverside@example.org,,https://instagram.com/pokharariverside,,,,"A community-based Rotaract club serving Pokhara, Nepal.",2026-08-01
RC00364,Dhaka,community,3282,9,Bangladesh,Dhaka Division,Dhaka,,,2008-07-01,active,Dhaka Community Hall,Saturday,17:00,dhaka@example.org,,https://instagram.com/dhaka,https://facebook.com/dhaka,,,"A community-based Rotaract club serving Dhaka, Bangladesh.",2026-08-01
RC00365,University of Dhaka,university,3282,9,Bangladesh,Dhaka Division,Dhaka,23.773222,90.408985,2007-07-01,active,,,19:00,university-of-dhaka@example.org,,https://instagram.com/universityofdhaka,,,,,2026-08-01
RC00366,Dhaka Central,community,3282,9,Bangladesh,Dhaka Division,Dhaka,23.778105,90.392988,,active,Dhaka Community Hall,Sunday,,dhaka-central@example.org,,https://instagram.com/dhakacentral,https://facebook.com/dhaka-central,,,"A community-based Rotaract club serving Dhaka, Bangladesh.",2026-08-01
RC00367,Dhaka Lakeview,community,3282,9,Bangladesh,Dhaka Division,Dhaka,23.788249,90.439189,2022-07-01,active,,,18:30,dhaka-lakeview@example.org,,https://instagram.com/dhakalakeview,https://facebook.com/dhaka-lakeview,https://linkedin.com/company/dhaka-lakeview,,,2026-08-01
RC00368,Dhaka Crescent,community,3282,9,Bangladesh,Dhaka Division,Dhaka,23.801215,90.440792,2024-07-01,unknown,Dhaka Community Hall,Wednesday,18:30,dhaka-crescent@example.org,https://example.org/dhaka-crescent,,,,,"A community-based Rotaract club serving Dhaka, Bangladesh.",2026-08-01
RC00369,Dhaka Gateway,community,3282,9,Bangladesh,Dhaka Division,Dhaka,23.837188,90.375062,2013-07-01,active,,Wednesday,18:30,dhaka-gateway@example.org,,,,,,,2026-08-01
RC00370,Presidency College Dhaka,university,3282,9,Bangladesh,Dhaka Division,Dhaka,23.784546,90.419891,2011-07-01,active,Dhaka Community Hall,,18:30,presidency-college-dhaka@example.org,,https://instagram.com/presidencycollegedhaka,,https://linkedin.com/company/presidency-college-dhaka,,,2026-08-01
RC00371,Dhaka Crescent 8,community,3282,9,Bangladesh,Dhaka Division,Dhaka,23.849707,90.40877,,active,Dhaka Community Hall,Friday,,,,,,,,"A community-based Rotaract club serving Dhaka, Bangladesh.",2026-08-01
RC00372,Dhaka Downtown,community,3282,9,Bangladesh,Dhaka Division,Dhaka,23.799837,90.430993,2005-07-01,active,,Friday,19:00,dhaka-downtown@example.org,,,,,https://youtube.com/@dhakadowntown,,2026-08-01
RC00373,Symbiosis Dhaka,university,3282,9,Bangladesh,Dhaka Division,Dhaka,23.774712,90.443155,2019-07-01,inactive,,Wednesday,19:00,,,https://instagram.com/symbiosisdhaka,,,,"A university-based Rotaract club serving Dhaka, Bangladesh.",2026-08-01
RC00374,Dhaka Garden City,community,3282,9,Bangladesh,Dhaka Division,Dhaka,23.827744,90.442657,2020-07-01,inactive,,Sunday,19:00,dhaka-garden-city@example.org,,https://instagram.com/dhakagardencity,,,,,2026-08-01
RC00375,Presidency College Dhaka 12,university,3282,9,Bangladesh,Dhaka Division,Dhaka,,,2014-07-01,active,,,10:00,presidency-college-dhaka@example.org,,,,https://linkedin.com/company/presidency-college-dhaka,,,2026-08-01
RC00376,Dhaka Gateway 13,community,3282,9,Bangladesh,Dhaka Division,Dhaka,,,2016-07-01,inactive,,Wednesday,19:00,dhaka-gateway-13@example.org,https://example.org/dhaka-gateway-13,,,,,"A community-based Rotaract club serving Dhaka, Bangladesh.",2026-08-01
RC00377,Dhaka Metropolitan,community,3282,9,Bangladesh,Dhaka Division,Dhaka,23.807452,90.387492,2012-07-01,active,Dhaka Community Hall,,,dhaka-metropolitan@example.org,,,https://facebook.com/dhaka-metropolitan,,,,2026-08-01
RC00378,Amrita Vishwa Vidyapeetham Dhaka,university,3282,9,Bangladesh,Dhaka Division,Dhaka,23.77055,90.408028,2022-07-01,unknown,Dhaka Community Hall,Sunday,17:00,amrita-vishwa-vidyapeeth@example.org,https://example.org/amrita-vishwa-vidyapeeth,,,,,"A university-based Rotaract club serving Dhaka, Bangladesh.",2026-08-01
RC00379,Dhaka Unity,community,3282,9,Bangladesh,Dhaka Division,Dhaka,23.816453,90.425335,,active,Dhaka Community Hall,,18:30,,,https://instagram.com/dhakaunity,,https://linkedin.com/company/dhaka-unity,https://youtube.com/@dhakaunity,"A community-based Rotaract club serving Dhaka, Bangladesh.",2026-08-01
RC00380,NIT Dhaka,university,3282,9,Bangladesh,Dhaka Division,Dhaka,,,2019-07-01,inactive,Dhaka Community Hall,,,nit-dhaka@example.org,,,,,,,2026-08-01
RC00381,Dhaka Oasis,community,3282,9,Bangladesh,Dhaka Division,Dhaka,23.78465,90.384398,2006-07-01,inactive,,Sunday,,,,,https://facebook.com/dhaka-oasis,,,,2026-08-01
RC00382,Dhaka Garden City 19,community,3282,9,Bangladesh,Dhaka Division,Dhaka,23.824961,90.402267,2024-07-01,unknown,,Saturday,19:00,dhaka-garden-city-19@example.org,https://example.org/dhaka-garden-city-19,https://instagram.com/dhakagardencity19,https://facebook.com/dhaka-garden-city-19,,,,2026-08-01
RC00383,Dhaka Lakeview 20,community,3282,9,Bangladesh,Dhaka Division,Dhaka,23.784114,90.431913,2024-07-01,active,Dhaka Community Hall,,,dhaka-lakeview-20@example.org,,https://instagram.com/dhakalakeview20,https://facebook.com/dhaka-lakeview-20,,,,2026-08-01
RC00384,Dhaka Downtown 21,community,3282,9,Bangladesh,Dhaka Division,Dhaka,23.813084,90.430131,2018-07-01,unknown,Dhaka Community Hall,Saturday,,dhaka-downtown-21@example.org,,https://instagram.com/dhakadowntown21,,,,"A community-based Rotaract club serving Dhaka, Bangladesh.",2026-08-01
RC00385,Dhaka Harmony,community,3282,9,Bangladesh,Dhaka Division,Dhaka,23.797297,90.385489,2010-07-01,unknown,,,,dhaka-harmony@example.org,,https://instagram.com/dhakaharmony,,,,"A community-based Rotaract club serving Dhaka, Bangladesh.",2026-08-01
RC00386,Dhaka Downtown 23,community,3282,9,Bangladesh,Dhaka Division,Dhaka,23.813696,90.376536,2006-07-01,active,Dhaka Community Hall,Friday,17:00,dhaka-downtown-23@example.org,,https://instagram.com/dhakadowntown23,https://facebook.com/dhaka-downtown-23,,,,2026-08-01
RC00387,Symbiosis Dhaka 24,university,3282,9,Bangladesh,Dhaka Division,Dhaka,23.795212,90.393477,2023-07-01,active,Dhaka Community Hall,,10:00,,,,,,https://youtube.com/@symbiosisdhaka24,"A university-based Rotaract club serving Dhaka, Bangladesh.",2026-08-01
RC00388,Chittagong,community,3282,9,Bangladesh,Chittagong Division,Chittagong,22.338065,91.78325,2006-07-01,unknown,,,17:00,chittagong@example.org,,,,,https://youtube.com/@chittagong,,2026-08-01
RC00389,Chittagong Downtown,community,3282,9,Bangladesh,Chittagong Division,Chittagong,22.379004,91.791552,,active,Chittagong Community Hall,,19:00,,https://example.org/chittagong-downtown,https://instagram.com/chittagongdowntown,,https://linkedin.com/company/chittagong-downtown,https://youtube.com/@chittagongdowntown,,2026-08-01
RC00390,Loyola College Chittagong,university,3282,9,Bangladesh,Chittagong Division,Chittagong,22.388547,91.781644,2019-07-01,inactive,,,18:30,,,,https://facebook.com/loyola-college-chittagon,,,,2026-08-01
RC00391,Chittagong Lakeview,community,3282,9,Bangladesh,Chittagong Division,Chittagong,22.320257,91.782157,,inactive,,,18:30,chittagong-lakeview@example.org,,,https://facebook.com/chittagong-lakeview,,,"A community-based Rotaract club serving Chittagong, Bangladesh.",2026-08-01
RC00392,NIT Chittagong,university,3282,9,Bangladesh,Chittagong Division,Chittagong,22.366772,91.761017,,active,,Saturday,18:30,nit-chittagong@example.org,,,,,,"A university-based Rotaract club serving Chittagong, Bangladesh.",2026-08-01
RC00393,Chittagong Riverside,community,3282,9,Bangladesh,Chittagong Division,Chittagong,22.36676,91.819301,2016-07-01,active,Chittagong Community Hall,Sunday,17:00,chittagong-riverside@example.org,https://example.org/chittagong-riverside,https://instagram.com/chittagongriverside,https://facebook.com/chittagong-riverside,,,,2026-08-01
RC00394,Chittagong Beacon,community,3282,9,Bangladesh,Chittagong Division,Chittagong,22.322817,91.77077,2020-07-01,inactive,Chittagong Community Hall,Sunday,19:00,chittagong-beacon@example.org,,,,,,"A community-based Rotaract club serving Chittagong, Bangladesh.",2026-08-01
RC00395,Chittagong Crescent,community,3282,9,Bangladesh,Chittagong Division,Chittagong,22.3238,91.750676,2019-07-01,active,Chittagong Community Hall,,,chittagong-crescent@example.org,https://example.org/chittagong-crescent,https://instagram.com/chittagongcrescent,https://facebook.com/chittagong-crescent,,,,2026-08-01
RC00396,Chittagong Capitol,community,3282,9,Bangladesh,Chittagong Division,Chittagong,22.380385,91.747455,2023-07-01,active,Chittagong Community Hall,Saturday,17:00,,https://example.org/chittagong-capitol,https://instagram.com/chittagongcapitol,https://facebook.com/chittagong-capitol,,,"A community-based Rotaract club serving Chittagong, Bangladesh.",2026-08-01
RC00397,Chittagong Lakeview 10,community,3282,9,Bangladesh,Chittagong Division,Chittagong,22.385285,91.779585,2008-07-01,unknown,Chittagong Community Hall,,19:00,,,,https://facebook.com/chittagong-lakeview-10,,,"A community-based Rotaract club serving Chittagong, Bangladesh.",2026-08-01
RC00398,NUST Karachi,university,3271,10,Pakistan,Sindh,Karachi,24.864195,67.008705,2014-07-01,active,Karachi Community Hall,,,,,,,,,,2026-08-01
RC00399,Karachi Unity,community,3271,10,Pakistan,Sindh,Karachi,24.848825,66.985806,2008-07-01,unknown,Karachi Community Hall,,,karachi-unity@example.org,,https://instagram.com/karachiunity,,,https://youtube.com/@karachiunity,,2026-08-01
RC00400,Christ University Karachi,university,3271,10,Pakistan,Sindh,Karachi,24.855718,66.982679,2017-07-01,active,Karachi Community Hall,Wednesday,18:30,,,,,,,,2026-08-01
RC00401,NIT Karachi,university,3271,10,Pakistan,Sindh,Karachi,24.868104,66.965621,,unknown,Karachi Community Hall,,,nit-karachi@example.org,,,,,,"A university-based Rotaract club serving Karachi, Pakistan.",2026-08-01
RC00402,University of Dhaka Karachi,university,3271,10,Pakistan,Sindh,Karachi,24.853197,66.968418,,active,,Saturday,18:30,,,,,,,,2026-08-01
RC00403,Karachi Oasis,community,3271,10,Pakistan,Sindh,Karachi,24.832873,67.018406,2005-07-01,active,Karachi Community Hall,Wednesday,,,https://example.org/karachi-oasis,https://instagram.com/karachioasis,https://facebook.com/karachi-oasis,,,"A community-based Rotaract club serving Karachi, Pakistan.",2026-08-01
RC00404,Karachi Metropolitan,community,3271,10,Pakistan,Sindh,Karachi,24.855033,67.023122,,active,,,,karachi-metropolitan@example.org,,https://instagram.com/karachimetropolitan,https://facebook.com/karachi-metropolitan,,,"A community-based Rotaract club serving Karachi, Pakistan.",2026-08-01
RC00405,Tribhuvan University Karachi,university,3271,10,Pakistan,Sindh,Karachi,24.864766,66.981005,,active,Karachi Community Hall,Wednesday,17:00,tribhuvan-university-kar@example.org,,,https://facebook.com/tribhuvan-university-kar,,,,2026-08-01
RC00406,Karachi Central,community,3271,10,Pakistan,Sindh,Karachi,24.869675,66.973987,2017-07-01,unknown,,,18:30,karachi-central@example.org,,https://instagram.com/karachicentral,https://facebook.com/karachi-central,,,"A community-based Rotaract club serving Karachi, Pakistan.",2026-08-01
RC00407,University of Dhaka Karachi 10,university,3271,10,Pakistan,Sindh,Karachi,24.872093,66.984447,2007-07-01,inactive,,Friday,19:00,,,,https://facebook.com/university-of-dhaka-kara,,,"A university-based Rotaract club serving Karachi, Pakistan.",2026-08-01
RC00408,Amrita Vishwa Vidyapeetham Karachi,university,3271,10,Pakistan,Sindh,Karachi,24.898677,66.980356,,active,Karachi Community Hall,Saturday,18:30,amrita-vishwa-vidyapeeth@example.org,https://example.org/amrita-vishwa-vidyapeeth,https://instagram.com/amritavishwavidyapeeth,,,,,2026-08-01
RC00409,Karachi Oasis 12,community,3271,10,Pakistan,Sindh,Karachi,24.848108,66.977188,2011-07-01,unknown,Karachi Community Hall,Friday,,karachi-oasis-12@example.org,,https://instagram.com/karachioasis12,,,,,2026-08-01
RC00410,Karachi Sunrise,community,3271,10,Pakistan,Sindh,Karachi,24.871579,66.985968,2009-07-01,active,Karachi Community Hall,Sunday,17:00,karachi-sunrise@example.org,,,https://facebook.com/karachi-sunrise,,,"A community-based Rotaract club serving Karachi, Pakistan.",2026-08-01
RC00411,Presidency College Karachi,university,3271,10,Pakistan,Sindh,Karachi,24.837678,66.972973,,active,,,17:00,presidency-college-karac@example.org,,https://instagram.com/presidencycollegekarac,,,,"A university-based Rotaract club serving Karachi, Pakistan.",2026-08-01
RC00412,Karachi Central 15,community,3271,10,Pakistan,Sindh,Karachi,24.874048,67.001575,2019-07-01,active,,Sunday,19:00,karachi-central-15@example.org,,https://instagram.com/karachicentral15,https://facebook.com/karachi-central-15,,,,2026-08-01
RC00413,Symbiosis Karachi,university,3271,10,Pakistan,Sindh,Karachi,24.889524,67.006829,,active,Karachi Community Hall,Friday,,symbiosis-karachi@example.org,https://example.org/symbiosis-karachi,,,,https://youtube.com/@symbiosiskarachi,,2026-08-01
RC00414,Christ University Karachi 17,university,3271,10,Pakistan,Sindh,Karachi,24.821821,67.021743,2020-07-01,inactive,Karachi Community Hall,Saturday,17:00,christ-university-karach@example.org,https://example.org/christ-university-karach,https://instagram.com/christuniversitykarach,,,,"A university-based Rotaract club serving Karachi, Pakistan.",2026-08-01
RC00415,Christ University Karachi 18,university,3271,10,Pakistan,Sindh,Karachi,24.864303,67.028337,2021-07-01,unknown,,Saturday,,,,,https://facebook.com/christ-university-karach,,https://youtube.com/@christuniversitykarach,"A university-based Rotaract club serving Karachi, Pakistan.",2026-08-01
RC00416,Lahore,community,3272,10,Pakistan,Punjab,Lahore,31.564276,74.334978,,unknown,Lahore Community Hall,Friday,,,,https://instagram.com/lahore,https://facebook.com/lahore,,,"A community-based Rotaract club serving Lahore, Pakistan.",2026-08-01
RC00417,Lahore Downtown,community,3272,10,Pakistan,Punjab,Lahore,31.579771,74.369688,2023-07-01,active,,,19:00,,,,https://facebook.com/lahore-downtown,,,"A community-based Rotaract club serving Lahore, Pakistan.",2026-08-01
RC00418,Lahore Pearl,community,3272,10,Pakistan,Punjab,Lahore,31.548332,74.370894,2022-07-01,active,Lahore Community Hall,Wednesday,18:30,lahore-pearl@example.org,,,,,,"A community-based Rotaract club serving Lahore, Pakistan.",2026-08-01
RC00419,University of Colombo Lahore,university,3272,10,Pakistan,Punjab,Lahore,31.525717,74.357633,2010-07-01,active,Lahore Community Hall,Saturday,17:00,university-of-colombo-la@example.org,https://example.org/university-of-colombo-la,https://instagram.com/universityofcolombola,https://facebook.com/university-of-colombo-la,,,"A university-based Rotaract club serving Lahore, Pakistan.",2026-08-01
RC00420,University of Lahore,university,3272,10,Pakistan,Punjab,Lahore,31.526277,74.336922,2011-07-01,active,Lahore Community Hall,,,university-of-lahore@example.org,,,,,,,2026-08-01
RC00421,Jawaharlal Nehru University Lahore,university,3272,10,Pakistan,Punjab,Lahore,31.554451,74.371803,2005-07-01,active,Lahore Community Hall,Friday,,,,https://instagram.com/jawaharlalnehruunivers,,,,"A university-based Rotaract club serving Lahore, Pakistan.",2026-08-01
RC00422,LUMS Lahore,university,3272,10,Pakistan,Punjab,Lahore,31.563221,74.3381,,inactive,Lahore Community Hall,,,lums-lahore@example.org,,https://instagram.com/lumslahore,https://facebook.com/lums-lahore,,,"A university-based Rotaract club serving Lahore, Pakistan.",2026-08-01
RC00423,Symbiosis Lahore,university,3272,10,Pakistan,Punjab,Lahore,31.521532,74.332327,,unknown,Lahore Community Hall,,10:00,symbiosis-lahore@example.org,,,https://facebook.com/symbiosis-lahore,,,"A university-based Rotaract club serving Lahore, Pakistan.",2026-08-01
RC00424,Presidency College Lahore,university,3272,10,Pakistan,Punjab,Lahore,31.56276,74.322908,2021-07-01,unknown,,,18:30,presidency-college-lahor@example.org,https://example.org/presidency-college-lahor,,https://facebook.com/presidency-college-lahor,,,,2026-08-01
RC00425,Lahore Beacon,community,3272,10,Pakistan,Punjab,Lahore,31.533505,74.357516,2022-07-01,active,Lahore Community Hall,Sunday,10:00,,https://example.org/lahore-beacon,,,,,,2026-08-01
RC00426,Lahore Phoenix,community,3272,10,Pakistan,Punjab,Lahore,,,2010-07-01,unknown,,,19:00,,https://example.org/lahore-phoenix,,,,,"A community-based Rotaract club serving Lahore, Pakistan.",2026-08-01
RC00427,IIT Lahore,university,3272,10,Pakistan,Punjab,Lahore,31.580168,74.362961,2015-07-01,active,,Saturday,17:00,iit-lahore@example.org,https://example.org/iit-lahore,https://instagram.com/iitlahore,https://facebook.com/iit-lahore,,,"A university-based Rotaract club serving Lahore, Pakistan.",2026-08-01
RC00428,Lahore Gateway,community,3272,10,Pakistan,Punjab,Lahore,31.561949,74.383276,2024-07-01,active,,Friday,,,https://example.org/lahore-gateway,,,,,,2026-08-01
RC00429,Lahore Summit,community,3272,10,Pakistan,Punjab,Lahore,31.553255,74.358056,,unknown,,Wednesday,17:00,,,https://instagram.com/lahoresummit,https://facebook.com/lahore-summit,,,,2026-08-01
RC00430,Lahore Sunrise,community,3272,10,Pakistan,Punjab,Lahore,31.519906,74.372882,2023-07-01,unknown,Lahore Community Hall,Friday,,lahore-sunrise@example.org,,,,,,"A community-based Rotaract club serving Lahore, Pakistan.",2026-08-01
RC00431,Lahore Downtown 16,community,3272,10,Pakistan,Punjab,Lahore,31.51012,74.374292,,active,Lahore Community Hall,,,,,https://instagram.com/lahoredowntown16,,,,"A community-based Rotaract club serving Lahore, Pakistan.",2026-08-01
RC00432,Symbiosis Islamabad,university,3272,10,Pakistan,Islamabad Capital Territory,Islamabad,33.64641,73.086494,2005-07-01,active,,Wednesday,,symbiosis-islamabad@example.org,,https://instagram.com/symbiosisislamabad,https://facebook.com/symbiosis-islamabad,,,"A university-based Rotaract club serving Islamabad, Pakistan.",2026-08-01
RC00433,Islamabad Garden City,community,3272,10,Pakistan,Islamabad Capital Territory,Islamabad,33.68539,73.070395,,inactive,Islamabad Community Hall,Wednesday,,islamabad-garden-city@example.org,,https://instagram.com/islamabadgardencity,https://facebook.com/islamabad-garden-city,,,"A community-based Rotaract club serving Islamabad, Pakistan.",2026-08-01
RC00434,Islamabad Gateway,community,3272,10,Pakistan,Islamabad Capital Territory,Islamabad,,,,active,Islamabad Community Hall,,18:30,islamabad-gateway@example.org,,https://instagram.com/islamabadgateway,https://facebook.com/islamabad-gateway,,,"A community-based Rotaract club serving Islamabad, Pakistan.",2026-08-01
RC00435,Christ University Islamabad,university,3272,10,Pakistan,Islamabad Capital Territory,Islamabad,33.717365,73.073677,2017-07-01,unknown,Islamabad Community Hall,,19:00,christ-university-islama@example.org,,https://instagram.com/christuniversityislama,,https://linkedin.com/company/christ-university-islama,,"A university-based Rotaract club serving Islamabad, Pakistan.",2026-08-01
RC00436,BITS Islamabad,university,3272,10,Pakistan,Islamabad Capital Territory,Islamabad,33.711038,73.015909,2007-07-01,active,Islamabad Community Hall,Sunday,10:00,,,https://instagram.com/bitsislamabad,https://facebook.com/bits-islamabad,https://linkedin.com/company/bits-islamabad,,,2026-08-01
RC00437,Amrita Vishwa Vidyapeetham Islamabad,university,3272,10,Pakistan,Islamabad Capital Territory,Islamabad,33.690221,73.011739,2011-07-01,active,Islamabad Community Hall,,18:30,amrita-vishwa-vidyapeeth@example.org,,,https://facebook.com/amrita-vishwa-vidyapeeth,https://linkedin.com/company/amrita-vishwa-vidyapeeth,,"A university-based Rotaract club serving Islamabad, Pakistan.",2026-08-01
RC00438,University of Dhaka Islamabad,university,3272,10,Pakistan,Islamabad Capital Territory,Islamabad,33.68492,73.043315,2020-07-01,active,Islamabad Community Hall,Wednesday,,university-of-dhaka-isla@example.org,https://example.org/university-of-dhaka-isla,,https://facebook.com/university-of-dhaka-isla,,,"A university-based Rotaract club serving Islamabad, Pakistan.",2026-08-01
RC00439,University of Colombo Islamabad,university,3272,10,Pakistan,Islamabad Capital Territory,Islamabad,33.709378,73.028513,2008-07-01,active,Islamabad Community Hall,Wednesday,,university-of-colombo-is@example.org,,https://instagram.com/universityofcolombois,https://facebook.com/university-of-colombo-is,,,,2026-08-01
RC00440,St. Joseph's College Islamabad,university,3272,10,Pakistan,Islamabad Capital Territory,Islamabad,33.667697,73.014316,,active,Islamabad Community Hall,Wednesday,18:30,st-joseph-s-college-isla@example.org,,https://instagram.com/stjosephscollegeisla,,,,"A university-based Rotaract club serving Islamabad, Pakistan.",2026-08-01
RC00441,Islamabad Crescent,community,3272,10,Pakistan,Islamabad Capital Territory,Islamabad,33.658769,73.072337,2012-07-01,active,Islamabad Community Hall,Friday,17:00,islamabad-crescent@example.org,,,https://facebook.com/islamabad-crescent,,,"A community-based Rotaract club serving Islamabad, Pakistan.",2026-08-01
RC00442,Loyola College Thimphu,university,3290,8,Bhutan,Thimphu,Thimphu,27.492363,89.634579,2024-07-01,active,,,,,,,,,,,2026-08-01
RC00443,University of Dhaka Thimphu,university,3290,8,Bhutan,Thimphu,Thimphu,27.487068,89.606325,2013-07-01,active,Thimphu Community Hall,Friday,,university-of-dhaka-thim@example.org,https://example.org/university-of-dhaka-thim,,,,,"A university-based Rotaract club serving Thimphu, Bhutan.",2026-08-01
RC00444,Symbiosis Thimphu,university,3290,8,Bhutan,Thimphu,Thimphu,27.454678,89.668769,,inactive,,,19:00,,,https://instagram.com/symbiosisthimphu,,,,"A university-based Rotaract club serving Thimphu, Bhutan.",2026-08-01
RC00445,University of Colombo Thimphu,university,3290,8,Bhutan,Thimphu,Thimphu,27.511802,89.666745,2014-07-01,active,Thimphu Community Hall,Sunday,,university-of-colombo-th@example.org,,https://instagram.com/universityofcolomboth,,,,,2026-08-01
RC00446,Malé,community,3220,7,Maldives,Kaafu Atoll,Malé,4.173842,73.485123,,active,,,,,,,https://facebook.com/mal,,,,2026-08-01
RC00447,Presidency College Malé,university,3220,7,Maldives,Kaafu Atoll,Malé,,,2019-07-01,unknown,,Friday,18:30,presidency-college-mal@example.org,,,,https://linkedin.com/company/presidency-college-mal,,,2026-08-01
RC00448,Symbiosis Malé,university,3220,7,Maldives,Kaafu Atoll,Malé,4.150855,73.484695,2010-07-01,active,,,18:30,,,,,,,"A university-based Rotaract club serving Malé, Maldives.",2026-08-01
RC00449,Malé Phoenix,community,3220,7,Maldives,Kaafu Atoll,Malé,4.140593,73.472334,,active,,,10:00,mal-phoenix@example.org,,,https://facebook.com/mal-phoenix,,,,2026-08-01
